time,sym,price
09:30:00.000,A,213.4904
09:30:01.000,A,208.5538
09:30:02.000,C,159.0046
09:30:03.000,B,105.8484
09:30:04.000,C,153.7007
09:30:05.000,B,107.3385
09:30:06.000,C,157.5745
09:30:07.000,D,307.415
09:30:08.000,C,159.1779
09:30:09.000,B,105.0835
09:30:10.000,A,208.1806
09:30:11.000,D,318.2885
09:30:12.000,B,106.7664
09:30:13.000,C,163.3595
09:30:14.000,C,163.4598
09:30:15.000,B,100.9478
09:30:16.000,A,202.8957
09:30:17.000,B,102.5488
09:30:18.000,C,162.6654
09:30:19.000,A,206.0322
09:30:20.000,B,105.1986
09:30:21.000,B,105.6707
09:30:22.000,C,150.3345
09:30:23.000,D,314.1949
09:30:24.000,A,205.1373
09:30:25.000,B,107.9879
09:30:26.000,C,154.9431
09:30:27.000,B,108.0113
09:30:28.000,C,160.1726
09:30:29.000,B,104.0888
09:30:30.000,A,201.2877
09:30:31.000,A,203.5545
09:30:32.000,B,101.3433
09:30:33.000,C,163.3753
09:30:34.000,B,105.1445
09:30:35.000,C,159.6549
09:30:36.000,D,307.4418
09:30:37.000,D,312.2403
09:30:38.000,A,213.3586
09:30:39.000,A,213.4914
09:30:40.000,C,153.0846
09:30:41.000,A,204.4281
09:30:42.000,B,102.3853
09:30:43.000,A,203.4012
09:30:44.000,A,201.0654
09:30:45.000,A,207.5326
09:30:46.000,C,152.9982
09:30:47.000,C,155.8022
09:30:48.000,C,151.5426
09:30:49.000,B,107.0275
09:30:50.000,B,107.8357
09:30:51.000,D,305.1358
09:30:52.000,A,202.0862
09:30:53.000,B,107.3493
09:30:54.000,C,157.1382
09:30:55.000,C,151.0355
09:30:56.000,A,205.3337
09:30:57.000,A,217.0524
09:30:58.000,B,104.8753
09:30:59.000,A,202.1898
09:31:00.000,D,321.2434
09:31:01.000,B,103.513
09:31:02.000,D,304.7901
09:31:03.000,D,328.8991
09:31:04.000,C,156.3652
09:31:05.000,A,213.2146
09:31:06.000,C,156.4133
09:31:07.000,B,105.156
09:31:08.000,A,205.0722
09:31:09.000,C,160.0346
09:31:10.000,A,218.9285
09:31:11.000,A,205.0104
09:31:12.000,A,219.267
09:31:13.000,B,101.6789
09:31:14.000,A,207.1929
09:31:15.000,B,104.1883
09:31:16.000,C,160.1896
09:31:17.000,D,315.0266
09:31:18.000,D,318.034
09:31:19.000,C,151.3148
09:31:20.000,D,316.2596
09:31:21.000,C,155.918
09:31:22.000,A,203.3483
09:31:23.000,B,109.875
09:31:24.000,B,105.3065
09:31:25.000,C,161.6131
09:31:26.000,B,107.1538
09:31:27.000,A,204.7781
09:31:28.000,B,109.8717
09:31:29.000,A,214.4967
09:31:30.000,A,210.7654
09:31:31.000,C,160.1569
09:31:32.000,D,327.0501
09:31:33.000,C,161.1519
09:31:34.000,B,102.5879
09:31:35.000,A,211.845
09:31:36.000,C,159.6545
09:31:37.000,B,101.6374
09:31:38.000,B,101.7939
09:31:39.000,C,160.1628
09:31:40.000,D,324.0527
09:31:41.000,C,158.5012
09:31:42.000,D,310.0554
09:31:43.000,A,207.7606
09:31:44.000,A,206.1468
09:31:45.000,B,108.0076
09:31:46.000,C,151.9078
09:31:47.000,B,102.4332
09:31:48.000,C,153.6751
09:31:49.000,B,103.6175
09:31:50.000,B,103.0842
09:31:51.000,D,325.1155
09:31:52.000,A,212.7938
09:31:53.000,C,161.4531
09:31:54.000,C,157.0422
09:31:55.000,A,203.2455
09:31:56.000,D,327.8206
09:31:57.000,A,216.7396
09:31:58.000,A,213.11
09:31:59.000,A,203.4657
09:32:00.000,C,154.7108
09:32:01.000,C,163.2687
09:32:02.000,B,107.4422
09:32:03.000,B,108.9016
09:32:04.000,C,156.7239
09:32:05.000,C,151.9751
09:32:06.000,B,108.9053
09:32:07.000,B,106.4118
09:32:08.000,A,201.513
09:32:09.000,C,159.2426
09:32:10.000,A,201.0501
09:32:11.000,C,156.3475
09:32:12.000,B,107.1108
09:32:13.000,C,164.4608
09:32:14.000,D,311.2917
09:32:15.000,B,102.5213
09:32:16.000,A,217.4507
09:32:17.000,D,318.9799
09:32:18.000,C,154.4472
09:32:19.000,B,108.6211
09:32:20.000,C,155.6387
09:32:21.000,B,101.4335
09:32:22.000,B,103.8787
09:32:23.000,B,109.9399
09:32:24.000,C,164.4379
09:32:25.000,D,303.7731
09:32:26.000,A,217.4618
09:32:27.000,D,326.0719
09:32:28.000,C,163.9764
09:32:29.000,C,153.9184
09:32:30.000,B,103.9071
09:32:31.000,C,164.7525
09:32:32.000,B,108.6184
09:32:33.000,B,106.0961
09:32:34.000,A,218.6414
09:32:35.000,D,328.8302
09:32:36.000,A,213.6125
09:32:37.000,A,206.3905
09:32:38.000,C,160.2518
09:32:39.000,C,154.7486
09:32:40.000,D,307.4765
09:32:41.000,A,201.9055
09:32:42.000,D,324.9136
09:32:43.000,B,107.5039
09:32:44.000,A,206.42
09:32:45.000,A,208.8142
09:32:46.000,B,105.8004
09:32:47.000,B,104.6451
09:32:48.000,A,203.2288
09:32:49.000,A,209.2604
09:32:50.000,C,153.111
09:32:51.000,B,105.3793
09:32:52.000,C,156.1633
09:32:53.000,D,313.4025
09:32:54.000,C,150.2281
09:32:55.000,D,302.9337
09:32:56.000,A,215.5062
09:32:57.000,C,151.2982
09:32:58.000,C,150.3733
09:32:59.000,D,316.0613
09:33:00.000,A,202.0572
09:33:01.000,A,218.2952
09:33:02.000,A,208.3836
09:33:03.000,C,164.502
09:33:04.000,C,161.2519
09:33:05.000,A,216.1637
09:33:06.000,C,151.4211
09:33:07.000,A,208.0441
09:33:08.000,D,319.7554
09:33:09.000,C,159.3037
09:33:10.000,A,219.9319
09:33:11.000,B,109.91
09:33:12.000,C,152.6667
09:33:13.000,D,327.4035
09:33:14.000,A,218.9733
09:33:15.000,D,309.3436
09:33:16.000,A,208.492
09:33:17.000,C,163.2413
09:33:18.000,A,213.5683
09:33:19.000,C,157.2084
09:33:20.000,C,153.2479
09:33:21.000,C,163.214
09:33:22.000,D,326.0635
09:33:23.000,C,153.2736
09:33:24.000,A,205.5872
09:33:25.000,B,107.0569
09:33:26.000,B,107.5488
09:33:27.000,C,151.4501
09:33:28.000,D,300.3929
09:33:29.000,D,301.6264
09:33:30.000,C,160.4746
09:33:31.000,B,106.024
09:33:32.000,C,158.7539
09:33:33.000,D,329.7459
09:33:34.000,D,320.6517
09:33:35.000,A,209.295
09:33:36.000,C,153.7232
09:33:37.000,B,109.4811
09:33:38.000,A,212.5704
09:33:39.000,B,109.0333
09:33:40.000,A,204.0636
09:33:41.000,D,315.9001
09:33:42.000,D,319.1846
09:33:43.000,D,307.7079
09:33:44.000,B,107.1313
09:33:45.000,C,156.8998
09:33:46.000,A,205.2455
09:33:47.000,C,150.7144
09:33:48.000,A,214.2168
09:33:49.000,D,321.7975
09:33:50.000,A,205.0827
09:33:51.000,A,210.6312
09:33:52.000,A,204.133
09:33:53.000,B,109.3559
09:33:54.000,C,157.158
09:33:55.000,B,106.9501
09:33:56.000,C,164.9243
09:33:57.000,A,213.4847
09:33:58.000,D,329.3961
09:33:59.000,B,107.6546
09:34:00.000,A,214.7649
09:34:01.000,B,102.5902
09:34:02.000,D,301.5251
09:34:03.000,B,101.7047
09:34:04.000,D,318.4213
09:34:05.000,D,320.8737
09:34:06.000,C,162.6205
09:34:07.000,C,156.333
09:34:08.000,B,106.1763
09:34:09.000,D,312.0546
09:34:10.000,D,325.5279
09:34:11.000,C,164.2266
09:34:12.000,C,162.2198
09:34:13.000,C,155.7888
09:34:14.000,A,203.3521
09:34:15.000,C,154.7397
09:34:16.000,A,219.1649
09:34:17.000,D,306.9174
09:34:18.000,A,213.7697
09:34:19.000,D,312.6036
09:34:20.000,A,204.988
09:34:21.000,A,218.4581
09:34:22.000,B,107.324
09:34:23.000,D,308.901
09:34:24.000,A,216.316
09:34:25.000,B,103.2593
09:34:26.000,D,320.4785
09:34:27.000,A,205.8913
09:34:28.000,A,216.2681
09:34:29.000,B,107.6069
09:34:30.000,D,302.4109
09:34:31.000,A,219.8231
09:34:32.000,A,217.3212
09:34:33.000,D,326.107
09:34:34.000,B,107.9956
09:34:35.000,B,104.4475
09:34:36.000,D,310.1123
09:34:37.000,B,102.6788
09:34:38.000,A,211.3578
09:34:39.000,C,155.1252
09:34:40.000,C,160.4431
09:34:41.000,C,163.7771
09:34:42.000,A,207.8962
09:34:43.000,B,100.9774
09:34:44.000,B,102.9714
09:34:45.000,A,216.3351
09:34:46.000,B,103.0051
09:34:47.000,B,108.8892
09:34:48.000,D,315.171
09:34:49.000,B,104.1156
09:34:50.000,C,160.2746
09:34:51.000,D,323.361
09:34:52.000,C,159.727
09:34:53.000,C,159.801
09:34:54.000,C,161.7742
09:34:55.000,A,218.2511
09:34:56.000,B,105.7323
09:34:57.000,A,202.8221
09:34:58.000,C,158.6425
09:34:59.000,B,100.1354
09:35:00.000,C,160.2548
09:35:01.000,D,314.3184
09:35:02.000,C,164.0626
09:35:03.000,A,214.1346
09:35:04.000,D,314.5524
09:35:05.000,A,204.1349
09:35:06.000,B,102.9398
09:35:07.000,A,202.1818
09:35:08.000,A,218.6454
09:35:09.000,A,200.2398
09:35:10.000,D,310.3832
09:35:11.000,C,164.5837
09:35:12.000,D,302.8011
09:35:13.000,C,154.3447
09:35:14.000,A,216.8026
09:35:15.000,B,105.0081
09:35:16.000,B,108.7132
09:35:17.000,D,306.2666
09:35:18.000,D,314.5848
09:35:19.000,D,329.3151
09:35:20.000,D,324.3988
09:35:21.000,C,159.4939
09:35:22.000,C,162.7921
09:35:23.000,C,156.9506
09:35:24.000,C,158.5762
09:35:25.000,D,305.0944
09:35:26.000,A,213.0304
09:35:27.000,B,105.6626
09:35:28.000,D,305.9746
09:35:29.000,D,312.5069
09:35:30.000,D,328.434
09:35:31.000,B,104.4163
09:35:32.000,A,215.595
09:35:33.000,A,208.685
09:35:34.000,A,204.4719
09:35:35.000,B,100.3411
09:35:36.000,C,163.4173
09:35:37.000,A,205.0542
09:35:38.000,C,159.0101
09:35:39.000,D,300.7375
09:35:40.000,A,202.1489
09:35:41.000,C,162.8591
09:35:42.000,A,208.9774
09:35:43.000,C,160.1581
09:35:44.000,D,320.1525
09:35:45.000,D,325.5592
09:35:46.000,A,209.193
09:35:47.000,A,218.6071
09:35:48.000,A,202.6574
09:35:49.000,A,203.2488
09:35:50.000,A,218.8519
09:35:51.000,C,155.6271
09:35:52.000,B,109.8364
09:35:53.000,D,327.8994
09:35:54.000,A,217.7998
09:35:55.000,B,103.4794
09:35:56.000,D,304.794
09:35:57.000,D,314.2273
09:35:58.000,B,108.2157
09:35:59.000,C,159.8504
09:36:00.000,A,214.5733
09:36:01.000,C,164.1227
09:36:02.000,C,159.6495
09:36:03.000,A,210.2922
09:36:04.000,D,321.26
09:36:05.000,B,108.875
09:36:06.000,D,308.2329
09:36:07.000,A,217.5644
09:36:08.000,B,100.5537
09:36:09.000,C,150.8715
09:36:10.000,D,317.0467
09:36:11.000,D,302.0846
09:36:12.000,A,213.5545
09:36:13.000,A,212.7441
09:36:14.000,C,160.8741
09:36:15.000,D,308.6872
09:36:16.000,B,103.7588
09:36:17.000,C,160.3826
09:36:18.000,D,300.444
09:36:19.000,B,100.0547
09:36:20.000,B,109.5693
09:36:21.000,B,105.4265
09:36:22.000,D,304.2384
09:36:23.000,D,322.9211
09:36:24.000,D,307.1874
09:36:25.000,C,155.9882
09:36:26.000,A,203.524
09:36:27.000,B,109.1299
09:36:28.000,D,300.7409
09:36:29.000,B,102.3234
09:36:30.000,D,301.0085
09:36:31.000,D,325.4447
09:36:32.000,B,100.7414
09:36:33.000,B,108.868
09:36:34.000,D,329.0339
09:36:35.000,B,106.8055
09:36:36.000,C,157.5428
09:36:37.000,D,324.2071
09:36:38.000,D,317.1196
09:36:39.000,A,214.9647
09:36:40.000,C,159.5409
09:36:41.000,D,313.7115
09:36:42.000,A,218.2237
09:36:43.000,B,106.1906
09:36:44.000,B,107.0325
09:36:45.000,C,160.3525
09:36:46.000,D,322.1396
09:36:47.000,B,106.268
09:36:48.000,C,159.0803
09:36:49.000,C,156.2248
09:36:50.000,B,106.6418
09:36:51.000,D,327.2813
09:36:52.000,A,212.1551
09:36:53.000,A,202.7683
09:36:54.000,A,206.2729
09:36:55.000,A,203.9649
09:36:56.000,D,329.7707
09:36:57.000,C,157.4496
09:36:58.000,A,207.8642
09:36:59.000,B,106.2905
09:37:00.000,C,155.0084
09:37:01.000,C,157.1175
09:37:02.000,B,105.0951
09:37:03.000,C,153.0498
09:37:04.000,A,207.6953
09:37:05.000,B,105.1508
09:37:06.000,D,301.5001
09:37:07.000,A,205.7858
09:37:08.000,D,308.316
09:37:09.000,D,319.2975
09:37:10.000,B,104.4756
09:37:11.000,C,150.6555
09:37:12.000,A,205.54
09:37:13.000,B,101.7139
09:37:14.000,D,304.5557
09:37:15.000,B,100.4151
09:37:16.000,A,208.8716
09:37:17.000,D,314.2072
09:37:18.000,A,214.5051
09:37:19.000,A,200.8683
09:37:20.000,D,308.3941
09:37:21.000,B,109.6605
09:37:22.000,C,156.9959
09:37:23.000,D,309.8356
09:37:24.000,A,211.2477
09:37:25.000,C,161.0195
09:37:26.000,B,104.5225
09:37:27.000,A,205.492
09:37:28.000,C,162.5672
09:37:29.000,C,154.6936
09:37:30.000,D,328.5534
09:37:31.000,B,100.4953
09:37:32.000,D,318.3769
09:37:33.000,C,155.1835
09:37:34.000,C,158.5117
09:37:35.000,C,150.3982
09:37:36.000,B,102.9379
09:37:37.000,D,320.2234
09:37:38.000,B,100.7151
09:37:39.000,D,322.8918
09:37:40.000,D,302.9308
09:37:41.000,D,324.3766
09:37:42.000,C,150.8986
09:37:43.000,C,151.8525
09:37:44.000,B,103.1269
09:37:45.000,C,159.7708
09:37:46.000,D,304.021
09:37:47.000,A,208.8187
09:37:48.000,A,218.7222
09:37:49.000,A,215.7764
09:37:50.000,B,103.5398
09:37:51.000,D,314.6156
09:37:52.000,C,162.808
09:37:53.000,D,309.1262
09:37:54.000,B,104.2259
09:37:55.000,D,312.5155
09:37:56.000,C,161.8768
09:37:57.000,B,104.9707
09:37:58.000,D,319.1709
09:37:59.000,D,309.4588
09:38:00.000,A,208.0735
09:38:01.000,A,210.017
09:38:02.000,D,322.6
09:38:03.000,B,100.068
09:38:04.000,D,313.5128
09:38:05.000,C,161.0382
09:38:06.000,A,212.9094
09:38:07.000,B,105.0112
09:38:08.000,A,200.8716
09:38:09.000,A,215.8879
09:38:10.000,B,107.4779
09:38:11.000,A,208.0659
09:38:12.000,B,106.4226
09:38:13.000,C,162.7809
09:38:14.000,C,162.4144
09:38:15.000,B,108.184
09:38:16.000,D,315.6843
09:38:17.000,A,214.606
09:38:18.000,C,161.8352
09:38:19.000,D,300.2135
09:38:20.000,C,154.7506
09:38:21.000,B,109.4462
09:38:22.000,D,314.6325
09:38:23.000,D,301.7646
09:38:24.000,C,154.874
09:38:25.000,A,200.4969
09:38:26.000,A,210.8325
09:38:27.000,A,207.6948
09:38:28.000,D,317.3315
09:38:29.000,D,320.6818
09:38:30.000,B,104.6206
09:38:31.000,B,109.6679
09:38:32.000,A,204.2042
09:38:33.000,B,106.1691
09:38:34.000,D,306.1599
09:38:35.000,B,109.0683
09:38:36.000,D,321.2388
09:38:37.000,A,211.9192
09:38:38.000,D,329.2145
09:38:39.000,D,310.1055
09:38:40.000,C,151.5722
09:38:41.000,D,313.3122
09:38:42.000,D,321.4321
09:38:43.000,C,164.2491
09:38:44.000,C,158.7564
09:38:45.000,B,103.9269
09:38:46.000,D,314.962
09:38:47.000,A,206.7388
09:38:48.000,A,204.4284
09:38:49.000,A,206.2521
09:38:50.000,D,309.6605
09:38:51.000,C,156.3674
09:38:52.000,C,164.0999
09:38:53.000,D,318.7679
09:38:54.000,C,152.3285
09:38:55.000,D,328.9297
09:38:56.000,A,213.0517
09:38:57.000,D,315.0479
09:38:58.000,D,316.0426
09:38:59.000,D,307.308
09:39:00.000,A,212.5748
09:39:01.000,B,109.6744
09:39:02.000,A,211.2125
09:39:03.000,B,102.2367
09:39:04.000,A,218.5182
09:39:05.000,D,325.3806
09:39:06.000,A,212.0633
09:39:07.000,B,108.7203
09:39:08.000,D,306.4598
09:39:09.000,A,210.7537
09:39:10.000,D,311.6921
09:39:11.000,B,100.369
09:39:12.000,D,306.5673
09:39:13.000,B,106.306
09:39:14.000,B,102.0987
09:39:15.000,B,100.1701
09:39:16.000,A,210.5643
09:39:17.000,D,316.0352
09:39:18.000,B,102.3298
09:39:19.000,C,150.2023
09:39:20.000,A,215.9551
09:39:21.000,B,108.3331
09:39:22.000,B,106.3376
09:39:23.000,C,163.3457
09:39:24.000,B,100.27
09:39:25.000,A,207.9729
09:39:26.000,B,101.8449
09:39:27.000,D,323.5273
09:39:28.000,A,213.9868
09:39:29.000,C,155.5977
09:39:30.000,B,100.7725
09:39:31.000,D,320.8717
09:39:32.000,A,214.3609
09:39:33.000,C,155.2259
09:39:34.000,A,219.7172
09:39:35.000,D,308.2142
09:39:36.000,C,162.0829
09:39:37.000,A,202.1633
09:39:38.000,A,216.2119
09:39:39.000,C,162.9111
09:39:40.000,C,163.4509
09:39:41.000,C,151.169
09:39:42.000,A,207.5128
09:39:43.000,D,303.338
09:39:44.000,B,100.8085
09:39:45.000,D,320.2821
09:39:46.000,C,160.8086
09:39:47.000,B,109.7828
09:39:48.000,A,202.4995
09:39:49.000,B,105.4865
09:39:50.000,D,327.8471
09:39:51.000,B,107.7286
09:39:52.000,A,205.9734
09:39:53.000,B,106.078
09:39:54.000,D,301.5098
09:39:55.000,C,161.2775
09:39:56.000,B,104.7064
09:39:57.000,B,105.9153
09:39:58.000,D,307.5098
09:39:59.000,A,208.5967
09:40:00.000,A,206.7065
09:40:01.000,C,155.8158
09:40:02.000,C,156.9189
09:40:03.000,C,156.9494
09:40:04.000,A,210.6075
09:40:05.000,C,154.87
09:40:06.000,D,321.0335
09:40:07.000,C,158.2467
09:40:08.000,B,109.9678
09:40:09.000,A,205.6913
09:40:10.000,A,210.0743
09:40:11.000,D,322.1206
09:40:12.000,A,207.8689
09:40:13.000,A,204.5274
09:40:14.000,B,106.7768
09:40:15.000,D,301.0017
09:40:16.000,B,106.3784
09:40:17.000,C,150.8064
09:40:18.000,C,160.3765
09:40:19.000,B,106.0233
09:40:20.000,D,322.7818
09:40:21.000,D,300.3784
09:40:22.000,B,103.7677
09:40:23.000,D,324.539
09:40:24.000,C,157.104
09:40:25.000,C,150.97
09:40:26.000,D,311.0423
09:40:27.000,A,206.1817
09:40:28.000,A,213.2249
09:40:29.000,A,210.8404
09:40:30.000,D,325.3888
09:40:31.000,C,158.1069
09:40:32.000,B,104.1225
09:40:33.000,D,319.5985
09:40:34.000,A,202.7775
09:40:35.000,C,153.9359
09:40:36.000,A,207.5864
09:40:37.000,B,105.9982
09:40:38.000,B,100.7038
09:40:39.000,D,329.3277
09:40:40.000,B,103.736
09:40:41.000,B,100.2907
09:40:42.000,C,153.9194
09:40:43.000,B,107.02
09:40:44.000,D,306.9589
09:40:45.000,A,206.2627
09:40:46.000,D,302.1463
09:40:47.000,A,213.7527
09:40:48.000,D,322.22
09:40:49.000,D,327.2207
09:40:50.000,C,152.8412
09:40:51.000,D,321.3634
09:40:52.000,D,305.7345
09:40:53.000,D,327.2887
09:40:54.000,C,163.9599
09:40:55.000,B,106.6874
09:40:56.000,A,217.3363
09:40:57.000,B,103.2937
09:40:58.000,C,159.5156
09:40:59.000,D,305.0858
09:41:00.000,D,315.99
09:41:01.000,C,152.7679
09:41:02.000,C,164.8236
09:41:03.000,C,152.7198
09:41:04.000,D,306.5846
09:41:05.000,C,152.219
09:41:06.000,A,201.8876
09:41:07.000,B,100.554
09:41:08.000,A,214.8826
09:41:09.000,A,212.0383
09:41:10.000,C,164.9111
09:41:11.000,C,163.5569
09:41:12.000,A,206.6491
09:41:13.000,C,159.0581
09:41:14.000,A,210.6207
09:41:15.000,D,319.8108
09:41:16.000,B,109.4928
09:41:17.000,B,102.9689
09:41:18.000,C,160.6106
09:41:19.000,A,216.3202
09:41:20.000,B,108.9093
09:41:21.000,D,320.8161
09:41:22.000,D,327.6204
09:41:23.000,B,106.2421
09:41:24.000,A,216.2207
09:41:25.000,C,157.6621
09:41:26.000,C,155.1278
09:41:27.000,B,108.6913
09:41:28.000,D,326.6549
09:41:29.000,B,100.316
09:41:30.000,B,101.9272
09:41:31.000,A,201.2833
09:41:32.000,D,304.7504
09:41:33.000,D,321.7336
09:41:34.000,A,219.3636
09:41:35.000,C,160.3729
09:41:36.000,C,151.3879
09:41:37.000,D,316.2473
09:41:38.000,C,152.4977
09:41:39.000,C,161.8263
09:41:40.000,B,106.8909
09:41:41.000,B,102.9887
09:41:42.000,C,163.4082
09:41:43.000,D,325.1393
09:41:44.000,A,206.0653
09:41:45.000,B,104.393
09:41:46.000,D,303.2557
09:41:47.000,D,304.2738
09:41:48.000,A,210.3821
09:41:49.000,D,325.0882
09:41:50.000,C,157.1476
09:41:51.000,D,307.6321
09:41:52.000,B,109.8023
09:41:53.000,B,100.6709
09:41:54.000,B,103.461
09:41:55.000,C,150.05
09:41:56.000,B,101.6952
09:41:57.000,B,106.1292
09:41:58.000,B,109.517
09:41:59.000,D,311.948
09:42:00.000,D,318.1069
09:42:01.000,D,308.5831
09:42:02.000,D,307.6865
09:42:03.000,B,100.0098
09:42:04.000,D,307.4124
09:42:05.000,B,109.4294
09:42:06.000,A,207.9449
09:42:07.000,C,162.0567
09:42:08.000,C,163.0522
09:42:09.000,A,207.5964
09:42:10.000,A,211.1608
09:42:11.000,B,109.9482
09:42:12.000,A,210.401
09:42:13.000,D,321.82
09:42:14.000,A,215.7507
09:42:15.000,D,308.626
09:42:16.000,D,324.6447
09:42:17.000,C,160.9632
09:42:18.000,C,162.4391
09:42:19.000,B,106.7307
09:42:20.000,C,150.2196
09:42:21.000,C,155.3052
09:42:22.000,D,323.0527
09:42:23.000,A,216.4164
09:42:24.000,A,203.6331
09:42:25.000,C,158.0296
09:42:26.000,D,311.1237
09:42:27.000,A,219.6953
09:42:28.000,D,320.1326
09:42:29.000,D,323.0718
09:42:30.000,B,106.9217
09:42:31.000,C,153.5489
09:42:32.000,B,107.9466
09:42:33.000,A,208.9283
09:42:34.000,B,108.2143
09:42:35.000,A,211.2818
09:42:36.000,C,152.8875
09:42:37.000,B,104.6712
09:42:38.000,B,109.6841
09:42:39.000,D,300.2371
09:42:40.000,A,203.7422
09:42:41.000,A,200.506
09:42:42.000,C,155.8042
09:42:43.000,A,201.6254
09:42:44.000,B,106.2646
09:42:45.000,B,102.6055
09:42:46.000,A,207.9598
09:42:47.000,B,100.5985
09:42:48.000,C,159.4986
09:42:49.000,D,321.2948
09:42:50.000,D,324.7854
09:42:51.000,D,304.4538
09:42:52.000,D,318.4828
09:42:53.000,D,308.1922
09:42:54.000,D,315.6009
09:42:55.000,C,161.3415
09:42:56.000,D,303.6032
09:42:57.000,D,314.2418
09:42:58.000,D,325.5139
09:42:59.000,C,157.5357
09:43:00.000,D,329.3904
09:43:01.000,C,163.4895
09:43:02.000,C,157.1745
09:43:03.000,A,205.7983
09:43:04.000,B,106.4699
09:43:05.000,A,213.1952
09:43:06.000,C,150.2208
09:43:07.000,A,203.3336
09:43:08.000,D,320.8904
09:43:09.000,D,326.9004
09:43:10.000,A,205.8578
09:43:11.000,C,163.2438
09:43:12.000,A,216.1848
09:43:13.000,B,100.9269
09:43:14.000,C,162.1966
09:43:15.000,A,207.2953
09:43:16.000,B,103.2111
09:43:17.000,D,305.1571
09:43:18.000,D,323.7638
09:43:19.000,C,161.5343
09:43:20.000,C,162.1759
09:43:21.000,C,164.6559
09:43:22.000,A,200.9644
09:43:23.000,B,101.1404
09:43:24.000,A,211.2552
09:43:25.000,C,152.2868
09:43:26.000,B,102.6226
09:43:27.000,C,154.6507
09:43:28.000,A,202.7999
09:43:29.000,C,153.7236
09:43:30.000,A,217.8623
09:43:31.000,C,159.0646
09:43:32.000,D,319.265
09:43:33.000,A,200.3345
09:43:34.000,A,212.3646
09:43:35.000,C,152.5961
09:43:36.000,A,207.9119
09:43:37.000,C,156.6971
09:43:38.000,C,154.3295
09:43:39.000,D,307.3334
09:43:40.000,B,100.7963
09:43:41.000,D,318.6914
09:43:42.000,B,109.0074
09:43:43.000,C,154.5407
09:43:44.000,A,203.3403
09:43:45.000,C,154.0357
09:43:46.000,D,310.3118
09:43:47.000,B,101.1732
09:43:48.000,D,300.3422
09:43:49.000,B,104.5051
09:43:50.000,B,105.5898
09:43:51.000,A,200.1806
09:43:52.000,C,160.4957
09:43:53.000,A,209.4866
09:43:54.000,D,315.3226
09:43:55.000,D,326.8648
09:43:56.000,B,107.5233
09:43:57.000,B,109.9869
09:43:58.000,C,155.2125
09:43:59.000,A,217.243
09:44:00.000,A,210.6578
09:44:01.000,C,159.3979
09:44:02.000,B,107.7172
09:44:03.000,B,108.2081
09:44:04.000,C,159.2912
09:44:05.000,D,301.8757
09:44:06.000,C,157.1403
09:44:07.000,C,161.4998
09:44:08.000,B,104.5399
09:44:09.000,A,212.0064
09:44:10.000,D,304.9132
09:44:11.000,D,325.4182
09:44:12.000,D,312.8889
09:44:13.000,D,310.1617
09:44:14.000,D,305.472
09:44:15.000,C,163.5652
09:44:16.000,D,322.3908
09:44:17.000,C,156.5958
09:44:18.000,B,101.5335
09:44:19.000,C,163.6618
09:44:20.000,D,323.4327
09:44:21.000,A,206.7979
09:44:22.000,B,108.1651
09:44:23.000,D,325.8932
09:44:24.000,A,206.7181
09:44:25.000,D,302.0405
09:44:26.000,C,155.8931
09:44:27.000,B,109.7701
09:44:28.000,B,101.1964
09:44:29.000,C,151.6827
09:44:30.000,B,107.8257
09:44:31.000,D,318.219
09:44:32.000,B,107.0792
09:44:33.000,C,154.4818
09:44:34.000,A,201.68
09:44:35.000,D,329.6073
09:44:36.000,B,100.477
09:44:37.000,C,164.1017
09:44:38.000,B,109.2588
09:44:39.000,B,101.2195
09:44:40.000,A,216.5373
09:44:41.000,B,102.0144
09:44:42.000,D,305.3767
09:44:43.000,C,157.405
09:44:44.000,A,218.6919
09:44:45.000,A,219.449
09:44:46.000,C,161.3802
09:44:47.000,C,160.6289
09:44:48.000,C,153.07
09:44:49.000,C,160.5325
09:44:50.000,B,104.0514
09:44:51.000,D,326.1867
09:44:52.000,D,320.7999
09:44:53.000,C,152.5038
09:44:54.000,A,202.0957
09:44:55.000,B,107.8379
09:44:56.000,A,214.6264
09:44:57.000,D,305.0092
09:44:58.000,D,324.5554
09:44:59.000,C,159.9441
09:45:00.000,D,313.3418
09:45:01.000,C,151.977
09:45:02.000,D,312.0401
09:45:03.000,C,151.3455
09:45:04.000,B,100.1897
09:45:05.000,A,204.592
09:45:06.000,C,150.8415
09:45:07.000,C,161.5366
09:45:08.000,A,200.7513
09:45:09.000,C,160.3397
09:45:10.000,D,323.1825
09:45:11.000,D,319.5321
09:45:12.000,A,210.9484
09:45:13.000,D,315.9816
09:45:14.000,B,102.4386
09:45:15.000,D,306.5201
09:45:16.000,D,319.3446
09:45:17.000,D,328.5665
09:45:18.000,B,105.9573
09:45:19.000,D,319.5025
09:45:20.000,A,215.6185
09:45:21.000,A,219.7542
09:45:22.000,C,161.6124
09:45:23.000,A,205.618
09:45:24.000,A,219.8722
09:45:25.000,A,215.993
09:45:26.000,D,310.0459
09:45:27.000,D,320.1982
09:45:28.000,A,201.3814
09:45:29.000,C,157.5935
09:45:30.000,B,106.9266
09:45:31.000,B,105.7549
09:45:32.000,B,105.0418
09:45:33.000,D,324.7362
09:45:34.000,C,151.6412
09:45:35.000,A,201.5542
09:45:36.000,C,157.05
09:45:37.000,B,109.5485
09:45:38.000,A,201.7358
09:45:39.000,B,105.877
09:45:40.000,A,208.8831
09:45:41.000,D,319.6039
09:45:42.000,B,109.261
09:45:43.000,C,162.8654
09:45:44.000,D,304.243
09:45:45.000,B,101.4688
09:45:46.000,B,105.6321
09:45:47.000,B,100.9405
09:45:48.000,B,108.794
09:45:49.000,C,155.8421
09:45:50.000,B,106.3993
09:45:51.000,B,105.3662
09:45:52.000,C,160.5929
09:45:53.000,D,315.4612
09:45:54.000,A,218.985
09:45:55.000,C,151.3034
09:45:56.000,C,157.9989
09:45:57.000,C,160.9147
09:45:58.000,B,106.4112
09:45:59.000,D,321.8208
09:46:00.000,D,329.5207
09:46:01.000,D,323.8599
09:46:02.000,D,320.6566
09:46:03.000,B,109.9509
09:46:04.000,C,161.2125
09:46:05.000,B,107.9858
09:46:06.000,D,321.2664
09:46:07.000,C,164.1769
09:46:08.000,A,206.4873
09:46:09.000,D,319.5912
09:46:10.000,A,201.2734
09:46:11.000,C,162.0398
09:46:12.000,D,328.1523
09:46:13.000,D,305.1687
09:46:14.000,C,162.1049
09:46:15.000,D,323.064
09:46:16.000,D,305.3728
09:46:17.000,C,154.5135
09:46:18.000,B,106.3179
09:46:19.000,B,102.5609
09:46:20.000,D,320.4948
09:46:21.000,C,158.4427
09:46:22.000,B,108.5812
09:46:23.000,B,107.314
09:46:24.000,D,300.8824
09:46:25.000,C,156.562
09:46:26.000,C,162.3884
09:46:27.000,B,102.7688
09:46:28.000,D,302.9945
09:46:29.000,B,109.4851
09:46:30.000,A,204.2294
09:46:31.000,B,108.6297
09:46:32.000,D,327.5301
09:46:33.000,A,211.8292
09:46:34.000,D,307.3825
09:46:35.000,D,318.2819
09:46:36.000,B,106.8729
09:46:37.000,C,159.5073
09:46:38.000,A,201.2752
09:46:39.000,D,305.293
09:46:40.000,B,101.8529
09:46:41.000,A,219.8443
09:46:42.000,A,216.9662
09:46:43.000,C,153.8384
09:46:44.000,B,104.7197
09:46:45.000,A,207.7733
09:46:46.000,A,210.2539
09:46:47.000,D,314.6446
09:46:48.000,D,314.4547
09:46:49.000,D,310.9673
09:46:50.000,D,300.9494
09:46:51.000,B,101.5414
09:46:52.000,B,100.1391
09:46:53.000,D,329.521
09:46:54.000,B,103.9285
09:46:55.000,D,327.889
09:46:56.000,A,211.6478
09:46:57.000,D,318.3609
09:46:58.000,A,209.3337
09:46:59.000,D,325.3833
09:47:00.000,D,321.8623
09:47:01.000,C,163.0328
09:47:02.000,C,164.2935
09:47:03.000,B,101.0671
09:47:04.000,B,103.0404
09:47:05.000,A,215.9201
09:47:06.000,D,303.7633
09:47:07.000,A,218.6599
09:47:08.000,D,316.0207
09:47:09.000,C,156.1507
09:47:10.000,A,217.0967
09:47:11.000,A,207.2647
09:47:12.000,A,207.4066
09:47:13.000,B,109.6463
09:47:14.000,C,159.301
09:47:15.000,C,156.0007
09:47:16.000,A,208.3291
09:47:17.000,B,107.0218
09:47:18.000,B,105.246
09:47:19.000,B,102.2879
09:47:20.000,B,104.4391
09:47:21.000,C,164.8422
09:47:22.000,C,150.2987
09:47:23.000,C,152.2111
09:47:24.000,C,153.5734
09:47:25.000,A,216.9254
09:47:26.000,B,108.0499
09:47:27.000,C,160.3126
09:47:28.000,A,212.8317
09:47:29.000,D,305.7566
09:47:30.000,A,218.9352
09:47:31.000,D,311.7498
09:47:32.000,B,103.4453
09:47:33.000,A,201.6779
09:47:34.000,C,159.4217
09:47:35.000,C,152.776
09:47:36.000,A,215.7094
09:47:37.000,A,216.5567
09:47:38.000,C,160.174
09:47:39.000,B,108.0857
09:47:40.000,B,101.5675
09:47:41.000,C,163.7047
09:47:42.000,A,205.4024
09:47:43.000,B,102.5205
09:47:44.000,D,329.762
09:47:45.000,B,108.0905
09:47:46.000,D,324.628
09:47:47.000,B,101.5328
09:47:48.000,B,108.6942
09:47:49.000,B,105.0007
09:47:50.000,A,204.9371
09:47:51.000,B,107.6294
09:47:52.000,D,307.4364
09:47:53.000,C,154.0527
09:47:54.000,C,151.9937
09:47:55.000,B,104.8234
09:47:56.000,D,310.3397
09:47:57.000,A,212.9574
09:47:58.000,B,108.4448
09:47:59.000,D,314.1603
09:48:00.000,B,108.4889
09:48:01.000,C,155.9752
09:48:02.000,C,155.4912
09:48:03.000,B,105.9993
09:48:04.000,D,300.3492
09:48:05.000,D,305.5288
09:48:06.000,B,106.6851
09:48:07.000,A,219.6849
09:48:08.000,A,213.1912
09:48:09.000,C,154.613
09:48:10.000,D,308.6178
09:48:11.000,D,311.9066
09:48:12.000,B,104.5956
09:48:13.000,B,102.8903
09:48:14.000,D,327.5548
09:48:15.000,D,321.877
09:48:16.000,B,109.6097
09:48:17.000,B,108.739
09:48:18.000,B,102.3762
09:48:19.000,A,213.8402
09:48:20.000,D,321.9507
09:48:21.000,A,213.073
09:48:22.000,B,108.5752
09:48:23.000,B,107.8264
09:48:24.000,B,102.8417
09:48:25.000,D,321.4877
09:48:26.000,A,202.326
09:48:27.000,B,104.2671
09:48:28.000,C,159.2815
09:48:29.000,C,152.2187
09:48:30.000,D,305.7424
09:48:31.000,A,203.6219
09:48:32.000,B,108.7257
09:48:33.000,D,321.6242
09:48:34.000,B,105.5066
09:48:35.000,A,203.2345
09:48:36.000,C,159.9819
09:48:37.000,A,203.0216
09:48:38.000,B,105.5101
09:48:39.000,C,162.2203
09:48:40.000,C,154.3489
09:48:41.000,C,156.0127
09:48:42.000,C,151.9144
09:48:43.000,D,311.301
09:48:44.000,C,150.9351
09:48:45.000,C,158.5481
09:48:46.000,C,158.3853
09:48:47.000,C,153.0686
09:48:48.000,B,106.6907
09:48:49.000,B,108.6747
09:48:50.000,D,317.5784
09:48:51.000,D,300.3836
09:48:52.000,C,157.2609
09:48:53.000,B,100.2044
09:48:54.000,A,212.1176
09:48:55.000,C,153.786
09:48:56.000,C,152.3373
09:48:57.000,B,101.8968
09:48:58.000,C,163.1685
09:48:59.000,C,152.421
09:49:00.000,D,300.1176
09:49:01.000,C,157.5183
09:49:02.000,D,301.9881
09:49:03.000,A,203.5695
09:49:04.000,A,215.528
09:49:05.000,A,214.9487
09:49:06.000,B,108.547
09:49:07.000,C,157.1494
09:49:08.000,B,107.7762
09:49:09.000,A,209.5939
09:49:10.000,A,202.3731
09:49:11.000,A,214.5822
09:49:12.000,A,219.939
09:49:13.000,A,211.817
09:49:14.000,A,203.2523
09:49:15.000,C,164.5523
09:49:16.000,C,160.6181
09:49:17.000,B,108.1117
09:49:18.000,B,100.7082
09:49:19.000,A,209.1154
09:49:20.000,B,102.0776
09:49:21.000,C,157.6228
09:49:22.000,A,219.5192
09:49:23.000,C,153.9245
09:49:24.000,C,159.696
09:49:25.000,D,319.3151
09:49:26.000,A,201.8343
09:49:27.000,B,106.1726
09:49:28.000,D,303.3852
09:49:29.000,C,154.7949
09:49:30.000,D,313.2023
09:49:31.000,D,326.6094
09:49:32.000,C,164.1517
09:49:33.000,C,155.6039
09:49:34.000,B,104.457
09:49:35.000,B,100.7112
09:49:36.000,C,164.5132
09:49:37.000,A,203.8958
09:49:38.000,C,154.6504
09:49:39.000,B,105.3784
09:49:40.000,D,302.5252
09:49:41.000,D,326.7295
09:49:42.000,C,158.0618
09:49:43.000,C,154.6401
09:49:44.000,A,215.6486
09:49:45.000,D,319.2483
09:49:46.000,B,108.0953
09:49:47.000,D,320.2352
09:49:48.000,C,150.4366
09:49:49.000,D,303.7003
09:49:50.000,C,159.8144
09:49:51.000,C,153.0996
09:49:52.000,B,104.4071
09:49:53.000,D,315.4657
09:49:54.000,B,104.4051
09:49:55.000,C,155.3465
09:49:56.000,B,101.1116
09:49:57.000,C,151.8194
09:49:58.000,A,202.2175
09:49:59.000,C,162.5222
09:50:00.000,B,100.9242
09:50:01.000,D,320.2103
09:50:02.000,A,203.2613
09:50:03.000,D,311.2754
09:50:04.000,A,209.8521
09:50:05.000,B,101.2246
09:50:06.000,A,203.9565
09:50:07.000,A,201.793
09:50:08.000,C,153.1778
09:50:09.000,C,150.6772
09:50:10.000,A,214.6748
09:50:11.000,A,208.8508
09:50:12.000,A,210.1023
09:50:13.000,A,214.4773
09:50:14.000,B,107.2792
09:50:15.000,A,206.7678
09:50:16.000,B,109.4041
09:50:17.000,D,324.2336
09:50:18.000,A,210.7081
09:50:19.000,D,320.1818
09:50:20.000,B,108.7453
09:50:21.000,C,153.0481
09:50:22.000,B,106.4196
09:50:23.000,B,104.5715
09:50:24.000,C,154.4869
09:50:25.000,B,103.5278
09:50:26.000,C,159.7031
09:50:27.000,C,152.7361
09:50:28.000,B,106.4228
09:50:29.000,A,205.831
09:50:30.000,C,159.9379
09:50:31.000,A,218.3342
09:50:32.000,C,164.0994
09:50:33.000,D,323.2517
09:50:34.000,B,105.3601
09:50:35.000,D,319.6274
09:50:36.000,C,161.2068
09:50:37.000,D,315.1123
09:50:38.000,C,151.8974
09:50:39.000,B,101.2708
09:50:40.000,A,218.2851
09:50:41.000,B,108.1746
09:50:42.000,B,101.6144
09:50:43.000,A,201.9607
09:50:44.000,C,163.2515
09:50:45.000,B,103.147
09:50:46.000,B,109.7746
09:50:47.000,D,313.0351
09:50:48.000,C,155.4113
09:50:49.000,C,161.2303
09:50:50.000,D,326.2981
09:50:51.000,B,105.2806
09:50:52.000,A,216.286
09:50:53.000,C,159.1549
09:50:54.000,B,104.1806
09:50:55.000,A,201.0303
09:50:56.000,D,319.3432
09:50:57.000,C,152.4956
09:50:58.000,B,107.6971
09:50:59.000,A,201.9951
09:51:00.000,A,219.4019
09:51:01.000,D,312.4803
09:51:02.000,C,159.9717
09:51:03.000,D,327.2982
09:51:04.000,C,157.198
09:51:05.000,C,155.9766
09:51:06.000,A,210.8506
09:51:07.000,D,326.3254
09:51:08.000,D,320.8137
09:51:09.000,C,151.389
09:51:10.000,B,103.6336
09:51:11.000,D,300.5185
09:51:12.000,A,215.3726
09:51:13.000,A,210.57
09:51:14.000,C,151.6851
09:51:15.000,C,153.275
09:51:16.000,D,307.1179
09:51:17.000,C,155.2178
09:51:18.000,B,104.0698
09:51:19.000,D,310.9583
09:51:20.000,B,107.0739
09:51:21.000,B,104.1867
09:51:22.000,D,307.0339
09:51:23.000,D,319.9822
09:51:24.000,A,215.1241
09:51:25.000,D,304.5362
09:51:26.000,C,151.7251
09:51:27.000,A,214.4678
09:51:28.000,A,209.1315
09:51:29.000,B,104.7327
09:51:30.000,A,209.0112
09:51:31.000,C,157.6775
09:51:32.000,A,218.667
09:51:33.000,A,214.5265
09:51:34.000,C,161.8488
09:51:35.000,C,162.7651
09:51:36.000,B,109.8787
09:51:37.000,D,300.5648
09:51:38.000,D,302.8574
09:51:39.000,A,202.7277
09:51:40.000,A,219.979
09:51:41.000,D,304.6165
09:51:42.000,B,109.6982
09:51:43.000,D,308.7812
09:51:44.000,B,101.5496
09:51:45.000,D,318.6806
09:51:46.000,D,329.0663
09:51:47.000,A,211.6563
09:51:48.000,D,312.871
09:51:49.000,B,101.8956
09:51:50.000,D,302.4994
09:51:51.000,C,151.5721
09:51:52.000,A,206.0146
09:51:53.000,C,155.7711
09:51:54.000,D,313.255
09:51:55.000,C,161.9316
09:51:56.000,C,163.4325
09:51:57.000,A,218.2584
09:51:58.000,D,305.2215
09:51:59.000,C,159.9656
09:52:00.000,C,151.6018
09:52:01.000,D,328.8534
09:52:02.000,D,329.5289
09:52:03.000,D,315.5188
09:52:04.000,A,203.6601
09:52:05.000,C,158.5376
09:52:06.000,D,320.3516
09:52:07.000,B,101.7547
09:52:08.000,C,164.9035
09:52:09.000,B,100.4786
09:52:10.000,B,105.849
09:52:11.000,B,106.2739
09:52:12.000,C,164.3232
09:52:13.000,C,161.0952
09:52:14.000,C,155.8721
09:52:15.000,B,104.5851
09:52:16.000,B,103.6292
09:52:17.000,A,217.2945
09:52:18.000,B,108.7485
09:52:19.000,B,107.2176
09:52:20.000,B,100.9039
09:52:21.000,D,317.5296
09:52:22.000,C,161.6938
09:52:23.000,A,217.4744
09:52:24.000,D,327.9054
09:52:25.000,A,203.2266
09:52:26.000,B,102.1289
09:52:27.000,C,156.668
09:52:28.000,B,105.4459
09:52:29.000,A,201.146
09:52:30.000,C,157.6631
09:52:31.000,B,101.7307
09:52:32.000,D,310.0508
09:52:33.000,B,105.2494
09:52:34.000,C,156.4792
09:52:35.000,A,206.7265
09:52:36.000,A,212.393
09:52:37.000,B,108.1485
09:52:38.000,D,316.0134
09:52:39.000,A,206.3555
09:52:40.000,D,321.8657
09:52:41.000,B,100.8364
09:52:42.000,A,205.1033
09:52:43.000,A,219.2745
09:52:44.000,A,214.1793
09:52:45.000,A,217.1759
09:52:46.000,B,106.3431
09:52:47.000,C,153.1765
09:52:48.000,C,164.5167
09:52:49.000,C,161.0349
09:52:50.000,D,301.1965
09:52:51.000,A,208.2797
09:52:52.000,B,101.1444
09:52:53.000,A,219.9966
09:52:54.000,A,205.9066
09:52:55.000,C,152.9619
09:52:56.000,D,319.4618
09:52:57.000,A,207.0231
09:52:58.000,A,200.985
09:52:59.000,A,211.1162
09:53:00.000,B,104.4942
09:53:01.000,D,324.4447
09:53:02.000,B,103.0954
09:53:03.000,A,216.7264
09:53:04.000,B,100.506
09:53:05.000,D,301.0377
09:53:06.000,A,205.6816
09:53:07.000,C,163.6448
09:53:08.000,D,303.3384
09:53:09.000,A,218.9237
09:53:10.000,A,209.488
09:53:11.000,B,104.703
09:53:12.000,A,209.2137
09:53:13.000,A,201.4801
09:53:14.000,D,317.7394
09:53:15.000,A,202.5829
09:53:16.000,C,154.9537
09:53:17.000,B,109.3619
09:53:18.000,B,105.469
09:53:19.000,A,210.2816
09:53:20.000,B,109.1072
09:53:21.000,C,152.4611
09:53:22.000,C,161.1044
09:53:23.000,C,151.1036
09:53:24.000,C,164.3127
09:53:25.000,D,301.2801
09:53:26.000,B,107.6794
09:53:27.000,C,158.9118
09:53:28.000,C,154.7309
09:53:29.000,A,215.2592
09:53:30.000,A,217.0132
09:53:31.000,D,329.9494
09:53:32.000,D,325.9351
09:53:33.000,A,206.717
09:53:34.000,B,103.765
09:53:35.000,D,325.3943
09:53:36.000,B,102.1632
09:53:37.000,D,305.6973
09:53:38.000,A,207.4716
09:53:39.000,A,209.1305
09:53:40.000,B,100.1954
09:53:41.000,B,103.0831
09:53:42.000,C,160.4314
09:53:43.000,D,303.9133
09:53:44.000,B,103.3766
09:53:45.000,C,151.3585
09:53:46.000,D,304.1062
09:53:47.000,A,200.9516
09:53:48.000,C,164.2168
09:53:49.000,D,320.0757
09:53:50.000,C,161.9931
09:53:51.000,B,102.0316
09:53:52.000,A,206.8652
09:53:53.000,B,105.9298
09:53:54.000,B,107.6817
09:53:55.000,C,155.4913
09:53:56.000,B,108.0856
09:53:57.000,A,208.3308
09:53:58.000,C,154.7583
09:53:59.000,B,103.5505
09:54:00.000,A,214.1661
09:54:01.000,D,307.7712
09:54:02.000,D,317.9414
09:54:03.000,B,100.0259
09:54:04.000,A,213.4126
09:54:05.000,D,308.7585
09:54:06.000,A,206.9036
09:54:07.000,C,160.7993
09:54:08.000,D,319.9029
09:54:09.000,B,104.4039
09:54:10.000,B,109.2706
09:54:11.000,A,205.5185
09:54:12.000,D,305.4763
09:54:13.000,B,105.0995
09:54:14.000,B,103.9759
09:54:15.000,D,316.0164
09:54:16.000,D,300.9333
09:54:17.000,B,109.414
09:54:18.000,C,154.5164
09:54:19.000,B,103.9512
09:54:20.000,A,200.6304
09:54:21.000,B,100.9387
09:54:22.000,D,311.2305
09:54:23.000,B,101.7156
09:54:24.000,C,156.1785
09:54:25.000,D,314.1252
09:54:26.000,D,305.0698
09:54:27.000,D,320.9151
09:54:28.000,C,155.3926
09:54:29.000,A,212.8094
09:54:30.000,D,307.8991
09:54:31.000,D,328.3285
09:54:32.000,C,150.7107
09:54:33.000,A,201.3984
09:54:34.000,A,214.8578
09:54:35.000,A,218.3565
09:54:36.000,C,152.4715
09:54:37.000,D,303.8675
09:54:38.000,D,318.8432
09:54:39.000,C,153.1569
09:54:40.000,B,104.5148
09:54:41.000,A,215.4761
09:54:42.000,B,100.0407
09:54:43.000,A,209.7539
09:54:44.000,D,308.1552
09:54:45.000,A,215.1063
09:54:46.000,B,102.109
09:54:47.000,C,163.2331
09:54:48.000,B,102.5019
09:54:49.000,A,210.3377
09:54:50.000,B,105.3814
09:54:51.000,C,157.2434
09:54:52.000,D,313.351
09:54:53.000,C,154.6842
09:54:54.000,B,106.0201
09:54:55.000,D,320.9754
09:54:56.000,C,150.9788
09:54:57.000,C,157.4295
09:54:58.000,C,161.9001
09:54:59.000,C,151.1935
09:55:00.000,C,160.1438
09:55:01.000,B,104.8908
09:55:02.000,A,219.6864
09:55:03.000,B,103.7885
09:55:04.000,C,151.26
09:55:05.000,B,105.9618
09:55:06.000,A,201.6678
09:55:07.000,C,158.8587
09:55:08.000,A,201.1505
09:55:09.000,D,329.9502
09:55:10.000,B,105.453
09:55:11.000,D,326.4752
09:55:12.000,B,107.2088
09:55:13.000,B,103.7678
09:55:14.000,C,153.2627
09:55:15.000,A,218.4984
09:55:16.000,C,152.6384
09:55:17.000,B,109.2749
09:55:18.000,B,104.857
09:55:19.000,A,217.9074
09:55:20.000,B,106.6127
09:55:21.000,C,150.0142
09:55:22.000,A,215.6656
09:55:23.000,B,104.9326
09:55:24.000,C,159.1302
09:55:25.000,C,154.7088
09:55:26.000,B,106.1737
09:55:27.000,A,203.7378
09:55:28.000,C,157.075
09:55:29.000,B,100.6769
09:55:30.000,C,159.3497
09:55:31.000,C,150.7176
09:55:32.000,C,162.1789
09:55:33.000,D,327.1079
09:55:34.000,B,104.6047
09:55:35.000,A,208.4199
09:55:36.000,B,108.3871
09:55:37.000,A,202.2681
09:55:38.000,D,326.414
09:55:39.000,A,217.7511
09:55:40.000,D,301.9098
09:55:41.000,A,207.4169
09:55:42.000,B,104.1102
09:55:43.000,A,217.3065
09:55:44.000,A,218.0393
09:55:45.000,A,202.6331
09:55:46.000,D,317.4709
09:55:47.000,B,100.3369
09:55:48.000,D,325.9832
09:55:49.000,C,150.3366
09:55:50.000,B,107.1878
09:55:51.000,C,150.6826
09:55:52.000,B,105.5815
09:55:53.000,A,215.099
09:55:54.000,A,216.6788
09:55:55.000,C,154.5288
09:55:56.000,A,215.9205
09:55:57.000,A,205.0492
09:55:58.000,A,210.3899
09:55:59.000,A,200.0178
09:56:00.000,C,150.1646
09:56:01.000,C,158.8497
09:56:02.000,C,156.7889
09:56:03.000,C,152.5103
09:56:04.000,C,161.4576
09:56:05.000,B,104.8507
09:56:06.000,C,160.1228
09:56:07.000,D,324.613
09:56:08.000,A,209.2441
09:56:09.000,A,213.6346
09:56:10.000,D,319.6054
09:56:11.000,B,107.5241
09:56:12.000,C,153.7017
09:56:13.000,C,159.7334
09:56:14.000,D,317.5234
09:56:15.000,C,152.9581
09:56:16.000,B,107.8599
09:56:17.000,B,100.1416
09:56:18.000,B,109.302
09:56:19.000,A,204.811
09:56:20.000,B,100.3138
09:56:21.000,C,163.9465
09:56:22.000,B,104.5539
09:56:23.000,D,317.692
09:56:24.000,D,320.3301
09:56:25.000,C,160.114
09:56:26.000,B,109.2909
09:56:27.000,D,313.0035
09:56:28.000,D,312.3125
09:56:29.000,C,163.5098
09:56:30.000,B,103.6227
09:56:31.000,D,325.7324
09:56:32.000,D,302.3938
09:56:33.000,A,203.4826
09:56:34.000,A,200.2983
09:56:35.000,B,102.2605
09:56:36.000,D,318.5402
09:56:37.000,B,108.2961
09:56:38.000,D,300.5894
09:56:39.000,A,209.35
09:56:40.000,A,208.187
09:56:41.000,C,156.4905
09:56:42.000,A,209.5248
09:56:43.000,B,108.729
09:56:44.000,D,308.926
09:56:45.000,B,109.2067
09:56:46.000,A,208.0128
09:56:47.000,A,211.7201
09:56:48.000,B,100.0586
09:56:49.000,B,103.817
09:56:50.000,A,200.3831
09:56:51.000,A,203.2711
09:56:52.000,D,301.7371
09:56:53.000,A,205.918
09:56:54.000,D,303.06
09:56:55.000,D,318.7755
09:56:56.000,B,107.0815
09:56:57.000,A,215.4154
09:56:58.000,C,163.3879
09:56:59.000,D,326.9727
09:57:00.000,B,105.3171
09:57:01.000,D,319.4219
09:57:02.000,C,156.9423
09:57:03.000,D,304.4459
09:57:04.000,D,324.6414
09:57:05.000,A,214.0713
09:57:06.000,A,201.7267
09:57:07.000,C,157.8432
09:57:08.000,C,152.0679
09:57:09.000,B,103.9399
09:57:10.000,A,203.9172
09:57:11.000,B,100.3775
09:57:12.000,B,101.3517
09:57:13.000,A,216.7669
09:57:14.000,B,104.1372
09:57:15.000,C,164.6267
09:57:16.000,C,152.7411
09:57:17.000,C,160.1039
09:57:18.000,C,162.441
09:57:19.000,C,152.3035
09:57:20.000,C,158.8822
09:57:21.000,A,212.711
09:57:22.000,D,322.6087
09:57:23.000,B,108.0073
09:57:24.000,D,307.522
09:57:25.000,C,161.679
09:57:26.000,B,100.1892
09:57:27.000,B,103.6181
09:57:28.000,B,104.3729
09:57:29.000,C,153.6625
09:57:30.000,C,156.6832
09:57:31.000,C,155.3561
09:57:32.000,A,216.1256
09:57:33.000,D,310.807
09:57:34.000,B,107.7893
09:57:35.000,D,327.8048
09:57:36.000,C,150.0805
09:57:37.000,B,105.227
09:57:38.000,B,103.2296
09:57:39.000,C,157.7601
09:57:40.000,A,210.0452
09:57:41.000,D,321.4454
09:57:42.000,A,206.8383
09:57:43.000,B,102.4064
09:57:44.000,C,151.2621
09:57:45.000,A,211.9025
09:57:46.000,A,203.2082
09:57:47.000,A,203.5552
09:57:48.000,C,154.7505
09:57:49.000,D,301.2259
09:57:50.000,B,108.4428
09:57:51.000,C,161.944
09:57:52.000,D,317.5213
09:57:53.000,A,209.1969
09:57:54.000,A,202.2508
09:57:55.000,A,210.2586
09:57:56.000,D,310.7409
09:57:57.000,C,162.2795
09:57:58.000,A,214.3887
09:57:59.000,C,161.2654
09:58:00.000,B,109.5068
09:58:01.000,A,213.6266
09:58:02.000,C,153.9359
09:58:03.000,A,213.7062
09:58:04.000,D,303.1442
09:58:05.000,D,319.2096
09:58:06.000,B,104.7859
09:58:07.000,C,156.3878
09:58:08.000,A,204.6685
09:58:09.000,C,154.6674
09:58:10.000,B,103.0318
09:58:11.000,C,154.824
09:58:12.000,B,101.8842
09:58:13.000,A,214.3009
09:58:14.000,D,314.9463
09:58:15.000,D,310.179
09:58:16.000,A,213.1391
09:58:17.000,D,301.3905
09:58:18.000,B,105.489
09:58:19.000,A,218.19
09:58:20.000,B,106.1964
09:58:21.000,C,158.6114
09:58:22.000,D,316.9676
09:58:23.000,D,310.0494
09:58:24.000,C,150.8108
09:58:25.000,A,204.7773
09:58:26.000,A,209.7181
09:58:27.000,A,208.0868
09:58:28.000,B,108.5348
09:58:29.000,D,304.6475
09:58:30.000,B,102.4671
09:58:31.000,D,314.7396
09:58:32.000,A,213.3006
09:58:33.000,D,316.2646
09:58:34.000,B,109.2535
09:58:35.000,D,304.6167
09:58:36.000,A,209.848
09:58:37.000,C,159.9591
09:58:38.000,B,109.2741
09:58:39.000,B,103.7638
09:58:40.000,D,320.0205
09:58:41.000,C,153.3126
09:58:42.000,C,159.4081
09:58:43.000,D,329.4086
09:58:44.000,D,316.0139
09:58:45.000,C,164.628
09:58:46.000,B,100.7098
09:58:47.000,A,203.7865
09:58:48.000,B,108.557
09:58:49.000,D,311.7764
09:58:50.000,B,100.111
09:58:51.000,B,103.2373
09:58:52.000,D,313.0158
09:58:53.000,C,154.4954
09:58:54.000,A,204.2284
09:58:55.000,C,162.0699
09:58:56.000,A,209.6648
09:58:57.000,D,300.1687
09:58:58.000,A,217.2442
09:58:59.000,D,317.8934
09:59:00.000,B,101.121
09:59:01.000,D,306.9308
09:59:02.000,D,317.1042
09:59:03.000,B,102.4391
09:59:04.000,D,327.9226
09:59:05.000,A,213.5565
09:59:06.000,C,157.6148
09:59:07.000,A,209.951
09:59:08.000,D,328.9776
09:59:09.000,B,100.7642
09:59:10.000,C,150.0669
09:59:11.000,C,161.4143
09:59:12.000,B,102.1377
09:59:13.000,A,218.7319
09:59:14.000,D,321.3584
09:59:15.000,D,312.2252
09:59:16.000,C,154.7136
09:59:17.000,A,207.0005
09:59:18.000,C,151.7552
09:59:19.000,C,160.9939
09:59:20.000,A,200.4312
09:59:21.000,C,157.3473
09:59:22.000,C,160.3787
09:59:23.000,C,157.3398
09:59:24.000,C,150.2819
09:59:25.000,D,320.5742
09:59:26.000,A,211.6552
09:59:27.000,C,150.1941
09:59:28.000,C,160.3107
09:59:29.000,C,160.2296
09:59:30.000,A,207.4052
09:59:31.000,C,154.859
09:59:32.000,C,158.0085
09:59:33.000,B,105.5366
09:59:34.000,A,203.6881
09:59:35.000,D,314.6124
09:59:36.000,C,162.1424
09:59:37.000,A,217.9006
09:59:38.000,C,156.5051
09:59:39.000,C,162.7912
09:59:40.000,B,100.9456
09:59:41.000,A,204.4441
09:59:42.000,A,210.1839
09:59:43.000,A,204.2971
09:59:44.000,B,108.4583
09:59:45.000,D,312.9851
09:59:46.000,B,107.9937
09:59:47.000,D,325.9409
09:59:48.000,B,109.9285
09:59:49.000,D,327.7157
09:59:50.000,C,151.8917
09:59:51.000,C,162.3842
09:59:52.000,D,328.4225
09:59:53.000,A,200.1107
09:59:54.000,C,161.0914
09:59:55.000,A,216.6063
09:59:56.000,A,200.7368
09:59:57.000,A,204.2206
09:59:58.000,B,105.5384
09:59:59.000,C,161.5727
10:00:00.000,D,326.4713
10:00:01.000,A,215.4312
10:00:02.000,C,161.4002
10:00:03.000,B,102.3626
10:00:04.000,C,156.3401
10:00:05.000,A,215.2695
10:00:06.000,B,105.2655
10:00:07.000,A,218.0869
10:00:08.000,C,164.1076
10:00:09.000,B,105.1167
10:00:10.000,C,150.069
10:00:11.000,D,302.5018
10:00:12.000,A,216.4195
10:00:13.000,D,313.0874
10:00:14.000,B,105.8013
10:00:15.000,C,162.699
10:00:16.000,A,216.8799
10:00:17.000,C,151.4542
10:00:18.000,A,204.3442
10:00:19.000,C,150.737
10:00:20.000,A,219.3486
10:00:21.000,D,320.0871
10:00:22.000,B,103.4907
10:00:23.000,A,215.5804
10:00:24.000,A,206.1029
10:00:25.000,A,215.8118
10:00:26.000,C,156.5087
10:00:27.000,C,153.8305
10:00:28.000,D,314.8391
10:00:29.000,B,100.8009
10:00:30.000,A,213.7447
10:00:31.000,A,201.5768
10:00:32.000,D,316.1849
10:00:33.000,A,208.8179
10:00:34.000,A,209.4504
10:00:35.000,B,102.366
10:00:36.000,C,160.061
10:00:37.000,D,311.1803
10:00:38.000,B,104.4573
10:00:39.000,B,101.988
10:00:40.000,C,155.6182
10:00:41.000,B,105.6407
10:00:42.000,C,155.6447
10:00:43.000,B,106.4188
10:00:44.000,D,322.0283
10:00:45.000,C,157.841
10:00:46.000,B,104.2644
10:00:47.000,B,102.5831
10:00:48.000,A,207.2428
10:00:49.000,C,164.7388
10:00:50.000,D,329.9879
10:00:51.000,A,206.4703
10:00:52.000,D,302.8214
10:00:53.000,A,214.884
10:00:54.000,B,108.8011
10:00:55.000,B,102.6901
10:00:56.000,A,212.3557
10:00:57.000,C,164.3465
10:00:58.000,D,308.1804
10:00:59.000,A,200.9072
10:01:00.000,D,319.9647
10:01:01.000,A,204.2731
10:01:02.000,A,207.3985
10:01:03.000,A,212.9899
10:01:04.000,C,153.2649
10:01:05.000,A,214.3955
10:01:06.000,D,311.5911
10:01:07.000,C,150.5572
10:01:08.000,D,307.2794
10:01:09.000,A,207.4742
10:01:10.000,D,316.896
10:01:11.000,B,106.579
10:01:12.000,A,202.9396
10:01:13.000,C,162.049
10:01:14.000,B,105.4949
10:01:15.000,D,310.0938
10:01:16.000,C,161.4432
10:01:17.000,A,200.8407
10:01:18.000,D,329.0322
10:01:19.000,C,164.2141
10:01:20.000,D,312.5711
10:01:21.000,D,310.3295
10:01:22.000,C,153.0286
10:01:23.000,C,155.9128
10:01:24.000,B,105.6532
10:01:25.000,C,159.6565
10:01:26.000,C,153.3822
10:01:27.000,C,158.0529
10:01:28.000,C,164.0092
10:01:29.000,C,161.1063
10:01:30.000,B,100.2066
10:01:31.000,C,153.1805
10:01:32.000,D,306.3409
10:01:33.000,D,314.964
10:01:34.000,A,201.1031
10:01:35.000,D,328.3988
10:01:36.000,B,108.017
10:01:37.000,D,313.8646
10:01:38.000,B,104.1476
10:01:39.000,D,303.6559
10:01:40.000,D,304.6178
10:01:41.000,C,152.5106
10:01:42.000,C,152.392
10:01:43.000,C,164.4318
10:01:44.000,C,156.3637
10:01:45.000,B,102.7545
10:01:46.000,B,108.4765
10:01:47.000,C,158.9277
10:01:48.000,C,154.2511
10:01:49.000,B,104.0541
10:01:50.000,A,204.5282
10:01:51.000,C,162.1894
10:01:52.000,C,164.2955
10:01:53.000,A,211.7562
10:01:54.000,A,217.6302
10:01:55.000,D,315.4233
10:01:56.000,A,204.5534
10:01:57.000,C,160.4166
10:01:58.000,D,312.5494
10:01:59.000,C,160.3305
10:02:00.000,D,312.7033
10:02:01.000,D,306.7136
10:02:02.000,A,207.2266
10:02:03.000,B,100.657
10:02:04.000,A,213.2739
10:02:05.000,B,106.6107
10:02:06.000,A,219.4563
10:02:07.000,B,101.4283
10:02:08.000,A,210.9024
10:02:09.000,B,100.6659
10:02:10.000,A,200.9878
10:02:11.000,B,104.722
10:02:12.000,D,322.011
10:02:13.000,B,109.9114
10:02:14.000,B,106.705
10:02:15.000,D,310.1035
10:02:16.000,B,106.7729
10:02:17.000,D,329.7938
10:02:18.000,D,329.1595
10:02:19.000,D,309.1359
10:02:20.000,A,206.7073
10:02:21.000,C,150.1402
10:02:22.000,B,104.1971
10:02:23.000,B,101.9963
10:02:24.000,D,311.5645
10:02:25.000,A,200.5161
10:02:26.000,D,303.4271
10:02:27.000,B,108.8343
10:02:28.000,D,309.715
10:02:29.000,C,163.1199
10:02:30.000,A,201.6663
10:02:31.000,A,209.8252
10:02:32.000,B,103.1646
10:02:33.000,B,101.9208
10:02:34.000,A,201.9335
10:02:35.000,A,213.9125
10:02:36.000,D,310.3316
10:02:37.000,D,318.4302
10:02:38.000,C,157.6778
10:02:39.000,D,317.695
10:02:40.000,B,106.5823
10:02:41.000,B,100.0816
10:02:42.000,B,106.0187
10:02:43.000,A,209.0141
10:02:44.000,B,102.2539
10:02:45.000,B,106.0744
10:02:46.000,D,314.1164
10:02:47.000,D,316.8407
10:02:48.000,A,200.4055
10:02:49.000,C,156.6653
10:02:50.000,A,204.6163
10:02:51.000,C,162.9018
10:02:52.000,A,200.1116
10:02:53.000,B,103.825
10:02:54.000,D,310.5696
10:02:55.000,A,215.4168
10:02:56.000,D,328.4463
10:02:57.000,C,154.6192
10:02:58.000,B,106.8085
10:02:59.000,D,325.457
10:03:00.000,A,213.3999
10:03:01.000,A,201.5376
10:03:02.000,D,309.7408
10:03:03.000,D,317.2055
10:03:04.000,C,164.4499
10:03:05.000,A,204.4377
10:03:06.000,C,152.2967
10:03:07.000,A,206.5275
10:03:08.000,D,320.0325
10:03:09.000,A,217.1857
10:03:10.000,C,153.3966
10:03:11.000,A,203.9375
10:03:12.000,D,305.2194
10:03:13.000,A,208.7986
10:03:14.000,A,214.5576
10:03:15.000,A,201.0003
10:03:16.000,D,329.2028
10:03:17.000,A,207.2443
10:03:18.000,A,204.1298
10:03:19.000,D,319.0485
10:03:20.000,B,109.7199
10:03:21.000,B,106.6658
10:03:22.000,A,215.7525
10:03:23.000,C,159.5681
10:03:24.000,A,212.1486
10:03:25.000,C,152.0868
10:03:26.000,D,307.865
10:03:27.000,D,327.5372
10:03:28.000,A,205.5637
10:03:29.000,C,159.9677
10:03:30.000,C,153.6369
10:03:31.000,B,103.9428
10:03:32.000,B,109.7282
10:03:33.000,A,219.8468
10:03:34.000,D,324.1612
10:03:35.000,A,217.4491
10:03:36.000,A,202.485
10:03:37.000,B,104.1206
10:03:38.000,D,302.5548
10:03:39.000,D,314.6003
10:03:40.000,C,157.8412
10:03:41.000,B,102.8677
10:03:42.000,D,314.0104
10:03:43.000,A,201.4575
10:03:44.000,C,162.7698
10:03:45.000,D,312.8858
10:03:46.000,D,311.7687
10:03:47.000,A,214.9014
10:03:48.000,D,306.0656
10:03:49.000,D,323.2224
10:03:50.000,C,150.2593
10:03:51.000,D,300.0098
10:03:52.000,D,325.6773
10:03:53.000,C,159.2889
10:03:54.000,A,208.8258
10:03:55.000,D,305.5249
10:03:56.000,A,207.9612
10:03:57.000,D,325.1184
10:03:58.000,B,100.7487
10:03:59.000,B,109.5758
10:04:00.000,C,154.1113
10:04:01.000,C,164.151
10:04:02.000,D,310.0665
10:04:03.000,D,304.1686
10:04:04.000,C,163.5553
10:04:05.000,C,163.5205
10:04:06.000,D,317.6764
10:04:07.000,B,107.4976
10:04:08.000,A,201.1348
10:04:09.000,A,215.0966
10:04:10.000,D,301.1488
10:04:11.000,A,215.1631
10:04:12.000,C,150.0324
10:04:13.000,A,219.3218
10:04:14.000,A,200.0418
10:04:15.000,B,102.6286
10:04:16.000,A,215.7862
10:04:17.000,B,100.2548
10:04:18.000,B,109.3178
10:04:19.000,C,163.7033
10:04:20.000,B,103.2269
10:04:21.000,C,152.2213
10:04:22.000,A,215.8726
10:04:23.000,B,106.0165
10:04:24.000,B,104.3226
10:04:25.000,A,204.515
10:04:26.000,C,158.5708
10:04:27.000,B,104.973
10:04:28.000,C,164.6436
10:04:29.000,C,156.1401
10:04:30.000,A,203.1118
10:04:31.000,A,216.3333
10:04:32.000,C,156.0023
10:04:33.000,C,157.1409
10:04:34.000,B,106.4943
10:04:35.000,B,104.5703
10:04:36.000,A,215.8105
10:04:37.000,A,213.9816
10:04:38.000,D,306.6865
10:04:39.000,D,320.1209
10:04:40.000,A,213.4527
10:04:41.000,A,211.3243
10:04:42.000,C,157.7815
10:04:43.000,A,202.0194
10:04:44.000,B,109.5672
10:04:45.000,B,106.9908
10:04:46.000,D,326.4218
10:04:47.000,C,162.115
10:04:48.000,B,109.8892
10:04:49.000,D,327.5227
10:04:50.000,A,212.7379
10:04:51.000,B,105.7812
10:04:52.000,B,104.9829
10:04:53.000,A,212.9335
10:04:54.000,D,327.9353
10:04:55.000,B,106.9988
10:04:56.000,A,203.9928
10:04:57.000,C,158.1531
10:04:58.000,D,329.8833
10:04:59.000,D,313.8165
10:05:00.000,B,102.937
10:05:01.000,C,158.0149
10:05:02.000,B,103.3146
10:05:03.000,D,321.8644
10:05:04.000,B,103.9905
10:05:05.000,A,216.2229
10:05:06.000,D,309.9753
10:05:07.000,A,216.1605
10:05:08.000,D,319.6207
10:05:09.000,D,300.094
10:05:10.000,C,150.1485
10:05:11.000,C,158.0997
10:05:12.000,B,104.5327
10:05:13.000,C,164.3948
10:05:14.000,B,102.0544
10:05:15.000,B,100.489
10:05:16.000,A,209.9853
10:05:17.000,A,217.7315
10:05:18.000,C,161.1911
10:05:19.000,B,107.1176
10:05:20.000,A,219.3342
10:05:21.000,C,157.9582
10:05:22.000,A,207.5577
10:05:23.000,C,160.8825
10:05:24.000,D,300.452
10:05:25.000,B,101.7811
10:05:26.000,B,102.0906
10:05:27.000,B,108.6434
10:05:28.000,C,160.2827
10:05:29.000,B,107.7769
10:05:30.000,C,156.2706
10:05:31.000,B,105.8182
10:05:32.000,A,209.0333
10:05:33.000,D,322.5759
10:05:34.000,D,302.4491
10:05:35.000,B,103.7113
10:05:36.000,D,304.1734
10:05:37.000,C,158.4716
10:05:38.000,A,212.5617
10:05:39.000,B,108.9221
10:05:40.000,C,158.0484
10:05:41.000,D,300.8401
10:05:42.000,D,312.9048
10:05:43.000,D,318.6046
10:05:44.000,B,104.8316
10:05:45.000,B,100.8103
10:05:46.000,C,159.8265
10:05:47.000,D,302.4056
10:05:48.000,C,160.897
10:05:49.000,B,103.8558
10:05:50.000,B,107.0761
10:05:51.000,A,206.5513
10:05:52.000,A,219.6102
10:05:53.000,C,153.933
10:05:54.000,A,210.4149
10:05:55.000,B,102.6276
10:05:56.000,D,303.9952
10:05:57.000,D,302.0366
10:05:58.000,C,161.4854
10:05:59.000,D,320.5596
10:06:00.000,A,219.0562
10:06:01.000,D,318.5572
10:06:02.000,A,202.2274
10:06:03.000,A,203.3321
10:06:04.000,A,218.6069
10:06:05.000,B,109.6756
10:06:06.000,D,320.3844
10:06:07.000,D,300.4667
10:06:08.000,B,102.0342
10:06:09.000,C,150.8228
10:06:10.000,D,314.9387
10:06:11.000,A,218.825
10:06:12.000,B,109.2343
10:06:13.000,B,103.0215
10:06:14.000,D,309.2412
10:06:15.000,B,107.01
10:06:16.000,C,158.8751
10:06:17.000,C,150.3194
10:06:18.000,B,102.5631
10:06:19.000,A,204.7244
10:06:20.000,B,104.4623
10:06:21.000,C,152.5963
10:06:22.000,D,325.8799
10:06:23.000,C,159.2096
10:06:24.000,B,102.6576
10:06:25.000,D,322.4939
10:06:26.000,C,150.0372
10:06:27.000,D,324.2254
10:06:28.000,B,108.5248
10:06:29.000,A,214.314
10:06:30.000,B,101.2921
10:06:31.000,D,319.7053
10:06:32.000,D,312.4506
10:06:33.000,C,162.3213
10:06:34.000,A,219.6456
10:06:35.000,C,164.6495
10:06:36.000,C,155.2436
10:06:37.000,A,211.3521
10:06:38.000,A,213.3964
10:06:39.000,D,321.3977
10:06:40.000,B,107.6981
10:06:41.000,D,310.7089
10:06:42.000,A,200.8097
10:06:43.000,A,215.2887
10:06:44.000,C,156.2024
10:06:45.000,D,314.1569
10:06:46.000,C,159.8558
10:06:47.000,B,105.0575
10:06:48.000,D,316.1149
10:06:49.000,C,155.6113
10:06:50.000,D,324.9564
10:06:51.000,D,327.9985
10:06:52.000,B,106.5046
10:06:53.000,B,100.7388
10:06:54.000,D,322.4897
10:06:55.000,A,216.3466
10:06:56.000,B,109.9165
10:06:57.000,D,326.9151
10:06:58.000,B,105.1075
10:06:59.000,B,101.3402
10:07:00.000,C,161.9627
10:07:01.000,A,217.5131
10:07:02.000,C,158.7189
10:07:03.000,C,162.5704
10:07:04.000,C,155.7498
10:07:05.000,D,308.5028
10:07:06.000,C,162.75
10:07:07.000,B,104.7141
10:07:08.000,D,325.5603
10:07:09.000,B,100.3896
10:07:10.000,A,201.3873
10:07:11.000,C,156.4569
10:07:12.000,B,103.6142
10:07:13.000,C,158.5033
10:07:14.000,D,304.9109
10:07:15.000,A,200.1581
10:07:16.000,B,107.3317
10:07:17.000,D,316.4924
10:07:18.000,C,163.3
10:07:19.000,C,152.3876
10:07:20.000,C,159.7491
10:07:21.000,D,313.7322
10:07:22.000,A,206.0723
10:07:23.000,A,203.983
10:07:24.000,D,308.062
10:07:25.000,B,105.1571
10:07:26.000,D,303.3817
10:07:27.000,B,103.1367
10:07:28.000,B,107.4786
10:07:29.000,C,155.828
10:07:30.000,C,158.8709
10:07:31.000,D,303.8127
10:07:32.000,A,203.5302
10:07:33.000,B,100.4153
10:07:34.000,B,100.2159
10:07:35.000,C,159.9585
10:07:36.000,A,210.6721
10:07:37.000,A,200.5498
10:07:38.000,B,102.4903
10:07:39.000,C,152.4446
10:07:40.000,B,107.5168
10:07:41.000,D,326.7949
10:07:42.000,C,158.709
10:07:43.000,A,211.8302
10:07:44.000,C,161.2237
10:07:45.000,B,102.1192
10:07:46.000,B,106.7308
10:07:47.000,C,159.9958
10:07:48.000,B,108.4977
10:07:49.000,A,204.5182
10:07:50.000,B,100.1203
10:07:51.000,B,106.3996
10:07:52.000,C,156.7787
10:07:53.000,A,216.2189
10:07:54.000,C,150.435
10:07:55.000,C,153.7739
10:07:56.000,D,327.9896
10:07:57.000,A,212.1034
10:07:58.000,B,108.1848
10:07:59.000,B,102.1783
10:08:00.000,A,200.4045
10:08:01.000,A,211.1654
10:08:02.000,A,205.0702
10:08:03.000,B,107.4431
10:08:04.000,B,104.8289
10:08:05.000,C,164.9585
10:08:06.000,B,106.058
10:08:07.000,D,329.4872
10:08:08.000,C,164.7479
10:08:09.000,C,163.7078
10:08:10.000,D,319.0127
10:08:11.000,A,207.4212
10:08:12.000,D,318.9011
10:08:13.000,B,109.8803
10:08:14.000,C,158.0279
10:08:15.000,B,108.7695
10:08:16.000,C,155.7297
10:08:17.000,B,106.6438
10:08:18.000,A,215.7636
10:08:19.000,C,157.6263
10:08:20.000,D,322.9476
10:08:21.000,D,304.9385
10:08:22.000,A,219.3149
10:08:23.000,D,303.5812
10:08:24.000,A,210.3215
10:08:25.000,B,105.6694
10:08:26.000,C,164.1486
10:08:27.000,A,217.1943
10:08:28.000,A,203.534
10:08:29.000,C,161.8221
10:08:30.000,B,105.41
10:08:31.000,D,320.6136
10:08:32.000,A,207.8026
10:08:33.000,A,215.7573
10:08:34.000,C,157.6135
10:08:35.000,C,152.6252
10:08:36.000,B,109.7414
10:08:37.000,A,218.9107
10:08:38.000,A,214.0949
10:08:39.000,B,101.5633
10:08:40.000,C,159.3649
10:08:41.000,D,309.8575
10:08:42.000,C,160.9255
10:08:43.000,D,301.1542
10:08:44.000,C,157.6868
10:08:45.000,A,216.5816
10:08:46.000,C,153.248
10:08:47.000,B,100.7753
10:08:48.000,A,215.2239
10:08:49.000,C,154.2092
10:08:50.000,B,102.6835
10:08:51.000,C,156.8867
10:08:52.000,B,108.5756
10:08:53.000,C,162.0164
10:08:54.000,B,108.4781
10:08:55.000,C,151.4525
10:08:56.000,C,160.5982
10:08:57.000,A,204.8325
10:08:58.000,B,109.5647
10:08:59.000,A,215.0561
10:09:00.000,B,105.2025
10:09:01.000,C,163.8622
10:09:02.000,A,211.5491
10:09:03.000,C,156.0592
10:09:04.000,A,204.7693
10:09:05.000,A,200.3325
10:09:06.000,C,156.6269
10:09:07.000,A,209.1917
10:09:08.000,C,156.6383
10:09:09.000,A,218.2914
10:09:10.000,A,216.8314
10:09:11.000,C,156.6458
10:09:12.000,C,152.72
10:09:13.000,D,314.2815
10:09:14.000,A,219.2376
10:09:15.000,B,105.772
10:09:16.000,B,108.3549
10:09:17.000,A,203.5193
10:09:18.000,A,213.9513
10:09:19.000,A,200.6019
10:09:20.000,D,324.0894
10:09:21.000,B,103.2971
10:09:22.000,C,158.5907
10:09:23.000,D,318.9855
10:09:24.000,C,163.4487
10:09:25.000,D,326.1739
10:09:26.000,C,152.6356
10:09:27.000,B,105.6459
10:09:28.000,D,326.3852
10:09:29.000,A,212.0722
10:09:30.000,A,204.9978
10:09:31.000,C,151.1653
10:09:32.000,B,109.8513
10:09:33.000,A,200.8839
10:09:34.000,C,152.9341
10:09:35.000,B,102.5069
10:09:36.000,A,214.8989
10:09:37.000,C,159.1423
10:09:38.000,C,155.2997
10:09:39.000,B,105.6552
10:09:40.000,A,219.0806
10:09:41.000,D,320.3748
10:09:42.000,D,304.8533
10:09:43.000,D,329.8308
10:09:44.000,C,155.6018
10:09:45.000,C,155.9626
10:09:46.000,C,151.0842
10:09:47.000,D,324.3637
10:09:48.000,D,307.5214
10:09:49.000,D,319.7048
10:09:50.000,A,218.3891
10:09:51.000,C,157.1271
10:09:52.000,C,157.982
10:09:53.000,D,306.0928
10:09:54.000,D,315.003
10:09:55.000,B,109.9918
10:09:56.000,A,216.4115
10:09:57.000,D,308.5854
10:09:58.000,B,101.9915
10:09:59.000,A,205.178
10:10:00.000,C,153.5086
10:10:01.000,B,102.6826
10:10:02.000,A,200.9629
10:10:03.000,A,217.8736
10:10:04.000,A,207.2643
10:10:05.000,A,216.563
10:10:06.000,C,160.8316
10:10:07.000,B,100.3838
10:10:08.000,C,151.8649
10:10:09.000,B,107.6207
10:10:10.000,D,313.8253
10:10:11.000,D,326.3878
10:10:12.000,C,163.9457
10:10:13.000,A,213.5492
10:10:14.000,A,210.6545
10:10:15.000,B,103.1723
10:10:16.000,B,104.2059
10:10:17.000,A,210.5426
10:10:18.000,C,160.6637
10:10:19.000,A,216.3519
10:10:20.000,B,105.5955
10:10:21.000,C,151.3182
10:10:22.000,A,219.6014
10:10:23.000,C,161.5203
10:10:24.000,B,105.0751
10:10:25.000,D,314.1456
10:10:26.000,D,318.2259
10:10:27.000,A,219.8799
10:10:28.000,A,201.7291
10:10:29.000,C,152.9929
10:10:30.000,A,204.9756
10:10:31.000,D,307.0317
10:10:32.000,A,214.9944
10:10:33.000,A,203.2855
10:10:34.000,A,219.6562
10:10:35.000,C,155.2427
10:10:36.000,B,103.1467
10:10:37.000,C,151.6827
10:10:38.000,B,108.9258
10:10:39.000,A,215.6795
10:10:40.000,A,218.8986
10:10:41.000,A,211.9499
10:10:42.000,D,302.4547
10:10:43.000,A,201.0582
10:10:44.000,C,161.826
10:10:45.000,B,100.609
10:10:46.000,A,215.5303
10:10:47.000,C,159.4475
10:10:48.000,A,206.3864
10:10:49.000,D,322.721
10:10:50.000,D,324.8211
10:10:51.000,C,152.6287
10:10:52.000,C,159.2412
10:10:53.000,A,214.4816
10:10:54.000,A,213.7587
10:10:55.000,C,155.8623
10:10:56.000,D,305.1876
10:10:57.000,C,159.3943
10:10:58.000,C,151.6068
10:10:59.000,A,207.0109
10:11:00.000,C,152.6947
10:11:01.000,C,155.5894
10:11:02.000,C,157.1459
10:11:03.000,C,150.6619
10:11:04.000,D,319.5669
10:11:05.000,A,200.1634
10:11:06.000,B,101.626
10:11:07.000,A,210.2653
10:11:08.000,D,323.8952
10:11:09.000,D,325.7657
10:11:10.000,A,218.802
10:11:11.000,A,216.3869
10:11:12.000,B,105.6059
10:11:13.000,B,104.4783
10:11:14.000,C,158.8019
10:11:15.000,B,103.6578
10:11:16.000,A,208.4842
10:11:17.000,D,307.4023
10:11:18.000,A,215.4285
10:11:19.000,B,108.8863
10:11:20.000,B,100.534
10:11:21.000,A,205.8958
10:11:22.000,C,163.8
10:11:23.000,A,211.5718
10:11:24.000,B,101.4516
10:11:25.000,B,106.3036
10:11:26.000,A,214.135
10:11:27.000,D,326.2778
10:11:28.000,D,303.5941
10:11:29.000,B,102.6028
10:11:30.000,B,109.5836
10:11:31.000,A,202.9577
10:11:32.000,D,307.6429
10:11:33.000,C,154.9996
10:11:34.000,B,108.2748
10:11:35.000,D,326.5422
10:11:36.000,A,204.7791
10:11:37.000,B,103.3912
10:11:38.000,A,214.83
10:11:39.000,A,203.4455
10:11:40.000,C,151.9771
10:11:41.000,B,108.1177
10:11:42.000,D,322.3752
10:11:43.000,B,102.0801
10:11:44.000,C,153.9234
10:11:45.000,D,311.7807
10:11:46.000,B,103.1696
10:11:47.000,D,322.5558
10:11:48.000,B,101.8516
10:11:49.000,B,102.399
10:11:50.000,D,310.6412
10:11:51.000,C,153.8165
10:11:52.000,D,301.1918
10:11:53.000,C,157.5223
10:11:54.000,B,102.4032
10:11:55.000,C,154.9201
10:11:56.000,C,151.1381
10:11:57.000,C,163.5156
10:11:58.000,A,205.5221
10:11:59.000,A,207.46
10:12:00.000,C,151.039
10:12:01.000,A,213.4033
10:12:02.000,D,312.1949
10:12:03.000,A,201.1985
10:12:04.000,D,313.7564
10:12:05.000,C,163.0231
10:12:06.000,B,105.441
10:12:07.000,A,213.6185
10:12:08.000,C,155.4957
10:12:09.000,A,200.8279
10:12:10.000,A,201.0356
10:12:11.000,B,100.2202
10:12:12.000,D,300.8594
10:12:13.000,D,324.966
10:12:14.000,B,105.8455
10:12:15.000,B,106.5959
10:12:16.000,D,306.308
10:12:17.000,A,214.0003
10:12:18.000,B,108.699
10:12:19.000,B,102.9564
10:12:20.000,D,329.1093
10:12:21.000,C,156.3591
10:12:22.000,D,329.9407
10:12:23.000,D,327.176
10:12:24.000,A,201.0513
10:12:25.000,C,162.645
10:12:26.000,D,312.5488
10:12:27.000,B,102.084
10:12:28.000,A,203.587
10:12:29.000,B,100.104
10:12:30.000,D,307.6426
10:12:31.000,A,213.8328
10:12:32.000,B,102.0289
10:12:33.000,D,320.7793
10:12:34.000,D,312.1313
10:12:35.000,C,159.9362
10:12:36.000,D,314.0262
10:12:37.000,B,104.6425
10:12:38.000,C,157.6236
10:12:39.000,B,103.7705
10:12:40.000,D,307.5419
10:12:41.000,A,215.9199
10:12:42.000,C,151.4364
10:12:43.000,C,152.8523
10:12:44.000,B,108.9529
10:12:45.000,A,204.763
10:12:46.000,A,208.9531
10:12:47.000,A,203.996
10:12:48.000,C,150.6342
10:12:49.000,B,106.7573
10:12:50.000,D,321.7339
10:12:51.000,D,324.7239
10:12:52.000,C,158.5054
10:12:53.000,B,105.0164
10:12:54.000,B,101.7879
10:12:55.000,C,163.0222
10:12:56.000,A,202.5976
10:12:57.000,D,316.8995
10:12:58.000,C,150.4978
10:12:59.000,A,213.518
10:13:00.000,D,327.734
10:13:01.000,D,315.342
10:13:02.000,A,208.1164
10:13:03.000,D,317.5732
10:13:04.000,C,158.2084
10:13:05.000,D,321.8
10:13:06.000,C,164.7355
10:13:07.000,D,309.2338
10:13:08.000,A,201.1818
10:13:09.000,A,207.5452
10:13:10.000,C,154.9702
10:13:11.000,B,106.9148
10:13:12.000,A,212.1017
10:13:13.000,C,154.4644
10:13:14.000,B,101.5422
10:13:15.000,C,164.7669
10:13:16.000,C,154.0031
10:13:17.000,C,152.0735
10:13:18.000,A,207.0427
10:13:19.000,B,108.6382
10:13:20.000,C,158.801
10:13:21.000,A,206.8808
10:13:22.000,C,158.6787
10:13:23.000,B,102.5616
10:13:24.000,A,218.191
10:13:25.000,A,202.9362
10:13:26.000,A,214.8017
10:13:27.000,B,101.664
10:13:28.000,C,164.2753
10:13:29.000,B,105.8229
10:13:30.000,C,160.1363
10:13:31.000,C,152.3594
10:13:32.000,A,202.9281
10:13:33.000,A,201.6997
10:13:34.000,A,211.3517
10:13:35.000,C,164.3468
10:13:36.000,B,103.7257
10:13:37.000,B,106.582
10:13:38.000,C,161.3609
10:13:39.000,A,202.9348
10:13:40.000,A,216.675
10:13:41.000,D,318.7649
10:13:42.000,B,101.4658
10:13:43.000,A,202.3666
10:13:44.000,B,101.3094
10:13:45.000,B,106.2749
10:13:46.000,D,319.4254
10:13:47.000,A,200.5934
10:13:48.000,C,164.6986
10:13:49.000,D,315.9022
10:13:50.000,A,206.6807
10:13:51.000,C,150.8953
10:13:52.000,D,311.7612
10:13:53.000,A,218.9338
10:13:54.000,C,153.7221
10:13:55.000,D,328.907
10:13:56.000,B,100.6398
10:13:57.000,A,216.4794
10:13:58.000,C,164.84
10:13:59.000,D,317.7981
10:14:00.000,A,217.0113
10:14:01.000,C,157.7696
10:14:02.000,A,209.8434
10:14:03.000,C,162.6551
10:14:04.000,D,301.5258
10:14:05.000,C,159.427
10:14:06.000,D,321.1466
10:14:07.000,B,100.5438
10:14:08.000,D,325.7336
10:14:09.000,B,100.3432
10:14:10.000,D,304.4898
10:14:11.000,A,214.6698
10:14:12.000,C,163.6765
10:14:13.000,C,153.1632
10:14:14.000,D,312.1908
10:14:15.000,B,107.2393
10:14:16.000,D,327.8583
10:14:17.000,D,329.229
10:14:18.000,D,300.3499
10:14:19.000,A,210.4734
10:14:20.000,C,156.4359
10:14:21.000,C,160.8045
10:14:22.000,D,320.5528
10:14:23.000,B,104.6568
10:14:24.000,D,319.6973
10:14:25.000,B,100.1508
10:14:26.000,B,107.0333
10:14:27.000,D,305.0988
10:14:28.000,B,103.6675
10:14:29.000,A,205.8321
10:14:30.000,C,152.9911
10:14:31.000,B,108.5169
10:14:32.000,B,100.3936
10:14:33.000,B,102.9995
10:14:34.000,A,211.5723
10:14:35.000,A,218.4718
10:14:36.000,B,103.0271
10:14:37.000,B,101.799
10:14:38.000,D,328.0614
10:14:39.000,B,101.2878
10:14:40.000,D,329.5766
10:14:41.000,C,154.172
10:14:42.000,D,313.3933
10:14:43.000,D,319.7481
10:14:44.000,D,318.5872
10:14:45.000,A,203.5193
10:14:46.000,A,200.2334
10:14:47.000,B,100.7332
10:14:48.000,B,105.1752
10:14:49.000,B,101.3066
10:14:50.000,A,202.6948
10:14:51.000,C,151.4384
10:14:52.000,A,217.8813
10:14:53.000,C,157.3906
10:14:54.000,C,161.991
10:14:55.000,A,200.5332
10:14:56.000,C,164.0617
10:14:57.000,A,203.9226
10:14:58.000,D,328.0212
10:14:59.000,A,209.9388
10:15:00.000,D,319.2709
10:15:01.000,C,154.3425
10:15:02.000,A,210.1755
10:15:03.000,D,300.6615
10:15:04.000,A,208.293
10:15:05.000,C,163.8733
10:15:06.000,D,304.767
10:15:07.000,B,105.1766
10:15:08.000,D,307.6757
10:15:09.000,A,211.8629
10:15:10.000,B,109.2399
10:15:11.000,C,164.6634
10:15:12.000,A,214.5385
10:15:13.000,C,162.2228
10:15:14.000,D,317.8288
10:15:15.000,A,210.9397
10:15:16.000,C,160.5875
10:15:17.000,C,164.7415
10:15:18.000,D,328.881
10:15:19.000,D,309.7368
10:15:20.000,C,164.9442
10:15:21.000,C,158.1322
10:15:22.000,C,151.6831
10:15:23.000,D,304.4735
10:15:24.000,D,314.0919
10:15:25.000,D,312.1621
10:15:26.000,C,154.9725
10:15:27.000,D,310.452
10:15:28.000,D,323.0345
10:15:29.000,C,153.8064
10:15:30.000,A,209.0452
10:15:31.000,A,211.3489
10:15:32.000,C,151.3009
10:15:33.000,B,101.1276
10:15:34.000,A,203.9976
10:15:35.000,A,204.7595
10:15:36.000,A,205.7229
10:15:37.000,A,203.5637
10:15:38.000,C,152.7373
10:15:39.000,C,152.976
10:15:40.000,D,316.7817
10:15:41.000,B,100.9758
10:15:42.000,D,305.5457
10:15:43.000,D,317.663
10:15:44.000,A,219.7323
10:15:45.000,A,201.0082
10:15:46.000,C,161.7905
10:15:47.000,A,212.4732
10:15:48.000,C,156.4111
10:15:49.000,A,217.0735
10:15:50.000,D,315.0376
10:15:51.000,D,307.1382
10:15:52.000,A,206.559
10:15:53.000,D,324.5439
10:15:54.000,B,100.871
10:15:55.000,D,323.7783
10:15:56.000,C,161.5859
10:15:57.000,B,107.3499
10:15:58.000,C,151.6375
10:15:59.000,C,150.0234
10:16:00.000,D,318.0003
10:16:01.000,A,212.5303
10:16:02.000,B,108.0957
10:16:03.000,A,207.1661
10:16:04.000,C,152.097
10:16:05.000,B,105.0624
10:16:06.000,D,321.9763
10:16:07.000,A,214.0534
10:16:08.000,C,154.7744
10:16:09.000,B,100.0361
10:16:10.000,B,103.0768
10:16:11.000,D,329.8246
10:16:12.000,A,211.1663
10:16:13.000,D,314.856
10:16:14.000,C,151.8414
10:16:15.000,B,104.8133
10:16:16.000,D,303.2458
10:16:17.000,B,107.5593
10:16:18.000,C,160.2399
10:16:19.000,D,323.8056
10:16:20.000,D,328.6349
10:16:21.000,A,214.6168
10:16:22.000,C,161.6416
10:16:23.000,D,323.3097
10:16:24.000,B,105.2044
10:16:25.000,D,308.1333
10:16:26.000,D,320.9066
10:16:27.000,A,205.2655
10:16:28.000,B,108.4791
10:16:29.000,D,305.3416
10:16:30.000,A,208.4491
10:16:31.000,D,324.9959
10:16:32.000,A,209.4672
10:16:33.000,C,157.2527
10:16:34.000,B,109.7257
10:16:35.000,A,200.3406
10:16:36.000,D,302.5998
10:16:37.000,D,316.3757
10:16:38.000,A,213.5183
10:16:39.000,C,161.6663
10:16:40.000,B,102.3314
10:16:41.000,C,161.8762
10:16:42.000,B,107.0095
10:16:43.000,A,212.1625
10:16:44.000,C,151.8511
10:16:45.000,D,307.12
10:16:46.000,C,158.2606
10:16:47.000,C,152.1808
10:16:48.000,C,151.1425
10:16:49.000,D,315.4792
10:16:50.000,C,158.9075
10:16:51.000,A,209.1064
10:16:52.000,A,211.5943
10:16:53.000,D,318.7977
10:16:54.000,B,106.1865
10:16:55.000,C,161.2179
10:16:56.000,A,211.2115
10:16:57.000,A,216.8679
10:16:58.000,A,207.4301
10:16:59.000,D,320.141
10:17:00.000,A,211.5395
10:17:01.000,B,102.1008
10:17:02.000,C,154.8014
10:17:03.000,D,308.6938
10:17:04.000,C,150.674
10:17:05.000,A,217.6055
10:17:06.000,A,210.3117
10:17:07.000,A,218.8974
10:17:08.000,C,152.8452
10:17:09.000,A,217.7423
10:17:10.000,C,163.187
10:17:11.000,A,213.66
10:17:12.000,C,154.0991
10:17:13.000,A,217.8221
10:17:14.000,B,101.5694
10:17:15.000,D,308.8057
10:17:16.000,D,304.7382
10:17:17.000,B,106.2308
10:17:18.000,D,302.1931
10:17:19.000,A,219.2999
10:17:20.000,B,104.2675
10:17:21.000,C,161.8473
10:17:22.000,A,214.6661
10:17:23.000,B,105.0365
10:17:24.000,C,161.0112
10:17:25.000,D,303.3431
10:17:26.000,A,201.0455
10:17:27.000,A,202.2564
10:17:28.000,A,208.7369
10:17:29.000,B,107.4475
10:17:30.000,D,311.4352
10:17:31.000,D,320.7717
10:17:32.000,B,109.1522
10:17:33.000,B,106.7479
10:17:34.000,C,162.1
10:17:35.000,C,159.6304
10:17:36.000,A,201.0792
10:17:37.000,B,100.2745
10:17:38.000,C,162.7539
10:17:39.000,B,109.1675
10:17:40.000,A,214.7633
10:17:41.000,D,315.7156
10:17:42.000,B,106.0811
10:17:43.000,C,163.4294
10:17:44.000,D,314.2174
10:17:45.000,D,311.71
10:17:46.000,D,300.0276
10:17:47.000,B,100.6632
10:17:48.000,D,317.657
10:17:49.000,B,105.8642
10:17:50.000,C,155.1393
10:17:51.000,D,303.5065
10:17:52.000,C,153.2387
10:17:53.000,D,303.3504
10:17:54.000,D,323.5681
10:17:55.000,A,217.2674
10:17:56.000,B,109.0819
10:17:57.000,C,154.2637
10:17:58.000,D,318.2281
10:17:59.000,B,101.4477
10:18:00.000,D,329.4018
10:18:01.000,A,216.0024
10:18:02.000,A,216.2877
10:18:03.000,B,101.4842
10:18:04.000,A,218.3429
10:18:05.000,C,156.6722
10:18:06.000,C,159.897
10:18:07.000,B,100.2887
10:18:08.000,B,106.535
10:18:09.000,D,311.5244
10:18:10.000,D,319.2255
10:18:11.000,A,207.595
10:18:12.000,A,203.4456
10:18:13.000,B,109.2775
10:18:14.000,B,100.7339
10:18:15.000,D,308.7212
10:18:16.000,B,107.5191
10:18:17.000,D,325.8793
10:18:18.000,B,103.7637
10:18:19.000,C,159.4624
10:18:20.000,B,107.6024
10:18:21.000,D,318.5519
10:18:22.000,C,161.9641
10:18:23.000,C,151.4643
10:18:24.000,D,300.3464
10:18:25.000,D,315.4897
10:18:26.000,D,315.9517
10:18:27.000,A,211.1934
10:18:28.000,B,104.3945
10:18:29.000,C,163.4129
10:18:30.000,D,305.9795
10:18:31.000,B,108.07
10:18:32.000,D,323.5215
10:18:33.000,A,214.3434
10:18:34.000,B,102.444
10:18:35.000,B,106.2907
10:18:36.000,D,324.4214
10:18:37.000,A,212.8334
10:18:38.000,D,302.5133
10:18:39.000,C,154.2436
10:18:40.000,C,157.5231
10:18:41.000,C,159.5084
10:18:42.000,B,107.7949
10:18:43.000,B,109.5299
10:18:44.000,C,163.152
10:18:45.000,D,329.2987
10:18:46.000,D,308.7021
10:18:47.000,B,101.3324
10:18:48.000,A,206.7943
10:18:49.000,B,106.8183
10:18:50.000,B,105.3311
10:18:51.000,A,219.7266
10:18:52.000,B,108.6518
10:18:53.000,A,202.9918
10:18:54.000,C,155.7249
10:18:55.000,A,208.1588
10:18:56.000,D,327.6833
10:18:57.000,B,103.0902
10:18:58.000,C,152.3047
10:18:59.000,A,202.382
10:19:00.000,C,163.5621
10:19:01.000,B,108.1322
10:19:02.000,B,103.3532
10:19:03.000,C,159.0599
10:19:04.000,B,100.4546
10:19:05.000,D,324.0328
10:19:06.000,D,311.6916
10:19:07.000,D,318.6416
10:19:08.000,C,152.2895
10:19:09.000,C,157.507
10:19:10.000,C,157.6374
10:19:11.000,D,307.3085
10:19:12.000,C,152.6763
10:19:13.000,B,106.2004
10:19:14.000,A,216.5665
10:19:15.000,A,212.7242
10:19:16.000,D,304.2976
10:19:17.000,B,101.5009
10:19:18.000,A,211.7958
10:19:19.000,B,107.6185
10:19:20.000,A,216.5195
10:19:21.000,C,162.6671
10:19:22.000,B,105.7249
10:19:23.000,B,104.6169
10:19:24.000,D,310.8717
10:19:25.000,D,303.6886
10:19:26.000,B,101.7564
10:19:27.000,D,326.561
10:19:28.000,B,109.9945
10:19:29.000,C,159.4146
10:19:30.000,C,161.677
10:19:31.000,B,101.5461
10:19:32.000,D,327.6705
10:19:33.000,B,103.7125
10:19:34.000,D,303.7851
10:19:35.000,D,306.1859
10:19:36.000,C,161.7575
10:19:37.000,C,157.2123
10:19:38.000,A,217.3146
10:19:39.000,C,152.5817
10:19:40.000,C,164.9515
10:19:41.000,C,157.6114
10:19:42.000,D,306.4781
10:19:43.000,C,163.4415
10:19:44.000,A,211.7202
10:19:45.000,D,308.5598
10:19:46.000,C,157.1567
10:19:47.000,C,164.154
10:19:48.000,B,107.834
10:19:49.000,B,105.3784
10:19:50.000,C,155.2682
10:19:51.000,B,106.7901
10:19:52.000,C,152.7106
10:19:53.000,D,314.4291
10:19:54.000,B,106.0243
10:19:55.000,A,200.5018
10:19:56.000,A,214.4762
10:19:57.000,A,204.0145
10:19:58.000,B,106.0828
10:19:59.000,D,314.4672
10:20:00.000,D,306.8461
10:20:01.000,C,156.3006
10:20:02.000,B,101.6925
10:20:03.000,C,160.4122
10:20:04.000,C,160.0113
10:20:05.000,D,319.6949
10:20:06.000,A,206.1676
10:20:07.000,D,309.3344
10:20:08.000,D,323.441
10:20:09.000,B,101.5548
10:20:10.000,A,201.5561
10:20:11.000,D,313.341
10:20:12.000,A,213.4704
10:20:13.000,C,152.3498
10:20:14.000,A,209.0567
10:20:15.000,A,218.9709
10:20:16.000,D,303.0875
10:20:17.000,A,216.8027
10:20:18.000,D,328.7877
10:20:19.000,C,152.5088
10:20:20.000,A,213.3045
10:20:21.000,D,320.7806
10:20:22.000,C,161.9009
10:20:23.000,D,326.4965
10:20:24.000,C,162.1427
10:20:25.000,B,102.467
10:20:26.000,A,205.9296
10:20:27.000,A,212.8878
10:20:28.000,D,306.0601
10:20:29.000,B,109.4806
10:20:30.000,B,109.1015
10:20:31.000,B,105.371
10:20:32.000,D,310.3742
10:20:33.000,D,329.5928
10:20:34.000,B,101.4413
10:20:35.000,B,105.0148
10:20:36.000,A,214.7023
10:20:37.000,B,104.6915
10:20:38.000,D,309.0027
10:20:39.000,D,326.9395
10:20:40.000,A,211.643
10:20:41.000,A,211.371
10:20:42.000,B,107.7536
10:20:43.000,D,301.3326
10:20:44.000,D,316.1644
10:20:45.000,B,100.3689
10:20:46.000,D,322.1671
10:20:47.000,D,303.1327
10:20:48.000,D,317.0395
10:20:49.000,B,106.3408
10:20:50.000,A,211.7238
10:20:51.000,B,109.0676
10:20:52.000,D,303.0687
10:20:53.000,B,106.8837
10:20:54.000,C,155.9853
10:20:55.000,B,106.6014
10:20:56.000,C,156.1995
10:20:57.000,B,100.7973
10:20:58.000,C,160.0049
10:20:59.000,C,151.1874
10:21:00.000,B,103.7423
10:21:01.000,C,159.7566
10:21:02.000,D,305.8324
10:21:03.000,B,105.927
10:21:04.000,D,315.9112
10:21:05.000,C,155.965
10:21:06.000,B,103.6591
10:21:07.000,D,311.8328
10:21:08.000,D,320.5043
10:21:09.000,A,209.7405
10:21:10.000,C,162.5191
10:21:11.000,A,208.1434
10:21:12.000,B,109.7319
10:21:13.000,D,316.1419
10:21:14.000,C,163.7969
10:21:15.000,D,324.552
10:21:16.000,D,317.2436
10:21:17.000,B,106.264
10:21:18.000,A,216.9329
10:21:19.000,B,105.6241
10:21:20.000,C,152.3321
10:21:21.000,C,164.3147
10:21:22.000,A,212.0339
10:21:23.000,A,204.3041
10:21:24.000,D,326.1712
10:21:25.000,B,104.0672
10:21:26.000,D,302.1428
10:21:27.000,C,153.414
10:21:28.000,B,101.8829
10:21:29.000,C,152.2381
10:21:30.000,A,217.9453
10:21:31.000,D,329.5271
10:21:32.000,A,204.4899
10:21:33.000,C,159.3958
10:21:34.000,D,315.6252
10:21:35.000,B,108.5281
10:21:36.000,C,156.0021
10:21:37.000,C,163.9854
10:21:38.000,B,109.9668
10:21:39.000,C,158.2748
10:21:40.000,D,316.4428
10:21:41.000,D,308.9141
10:21:42.000,D,302.1237
10:21:43.000,C,150.5641
10:21:44.000,A,219.7539
10:21:45.000,A,215.8151
10:21:46.000,B,104.5995
10:21:47.000,C,152.6679
10:21:48.000,C,156.516
10:21:49.000,C,164.4149
10:21:50.000,A,216.7154
10:21:51.000,C,151.656
10:21:52.000,B,107.507
10:21:53.000,A,203.9375
10:21:54.000,D,314.0909
10:21:55.000,A,206.0829
10:21:56.000,B,109.4947
10:21:57.000,C,162.9775
10:21:58.000,B,105.6469
10:21:59.000,B,102.1715
10:22:00.000,C,150.8486
10:22:01.000,C,153.7389
10:22:02.000,D,319.2271
10:22:03.000,C,158.401
10:22:04.000,A,203.3537
10:22:05.000,B,102.3472
10:22:06.000,A,202.2844
10:22:07.000,A,208.7435
10:22:08.000,A,211.8338
10:22:09.000,B,108.7246
10:22:10.000,C,150.0555
10:22:11.000,C,150.0732
10:22:12.000,A,210.296
10:22:13.000,A,202.3553
10:22:14.000,A,209.3372
10:22:15.000,A,206.7302
10:22:16.000,D,312.2575
10:22:17.000,C,158.8442
10:22:18.000,A,202.7687
10:22:19.000,C,163.0126
10:22:20.000,A,219.5785
10:22:21.000,B,109.0016
10:22:22.000,B,100.6758
10:22:23.000,C,163.7448
10:22:24.000,C,164.0655
10:22:25.000,C,154.3156
10:22:26.000,A,213.5088
10:22:27.000,B,101.4498
10:22:28.000,B,109.1577
10:22:29.000,C,160.1052
10:22:30.000,B,106.2751
10:22:31.000,A,210.3556
10:22:32.000,D,300.9904
10:22:33.000,B,104.451
10:22:34.000,A,206.2979
10:22:35.000,B,106.2762
10:22:36.000,C,153.9616
10:22:37.000,B,108.3444
10:22:38.000,C,159.606
10:22:39.000,A,205.4962
10:22:40.000,C,154.1595
10:22:41.000,A,200.3942
10:22:42.000,B,104.1233
10:22:43.000,D,305.4008
10:22:44.000,B,105.1003
10:22:45.000,D,306.5004
10:22:46.000,C,158.0785
10:22:47.000,D,303.2526
10:22:48.000,B,102.4974
10:22:49.000,C,160.8214
10:22:50.000,D,309.8254
10:22:51.000,D,321.9571
10:22:52.000,D,310.3642
10:22:53.000,A,213.7213
10:22:54.000,A,215.8534
10:22:55.000,B,103.6667
10:22:56.000,D,324.6708
10:22:57.000,B,109.2935
10:22:58.000,A,202.1346
10:22:59.000,A,217.0971
10:23:00.000,D,322.687
10:23:01.000,A,207.7179
10:23:02.000,B,105.7055
10:23:03.000,B,105.6204
10:23:04.000,D,326.9156
10:23:05.000,B,108.325
10:23:06.000,A,215.8489
10:23:07.000,D,329.6328
10:23:08.000,B,104.7297
10:23:09.000,D,314.0443
10:23:10.000,A,218.4295
10:23:11.000,A,216.6039
10:23:12.000,D,318.8014
10:23:13.000,A,205.4551
10:23:14.000,D,320.3963
10:23:15.000,C,154.354
10:23:16.000,A,205.9831
10:23:17.000,D,311.6057
10:23:18.000,C,154.3055
10:23:19.000,A,210.8839
10:23:20.000,A,206.0364
10:23:21.000,B,106.8387
10:23:22.000,D,316.1197
10:23:23.000,B,106.7968
10:23:24.000,B,101.062
10:23:25.000,D,329.113
10:23:26.000,A,216.5977
10:23:27.000,B,103.7229
10:23:28.000,A,208.6593
10:23:29.000,A,200.9014
10:23:30.000,B,100.3796
10:23:31.000,D,328.4259
10:23:32.000,B,100.7403
10:23:33.000,A,219.8829
10:23:34.000,C,156.3977
10:23:35.000,D,310.3419
10:23:36.000,A,208.7378
10:23:37.000,A,211.3576
10:23:38.000,C,163.0938
10:23:39.000,D,327.4003
10:23:40.000,B,103.9206
10:23:41.000,C,158.3467
10:23:42.000,A,206.7021
10:23:43.000,D,316.8514
10:23:44.000,C,163.7732
10:23:45.000,A,214.5842
10:23:46.000,B,103.967
10:23:47.000,B,109.3964
10:23:48.000,A,212.7116
10:23:49.000,D,302.3357
10:23:50.000,B,104.0784
10:23:51.000,A,216.0538
10:23:52.000,B,108.2486
10:23:53.000,C,151.8593
10:23:54.000,C,160.0089
10:23:55.000,D,320.8154
10:23:56.000,B,106.663
10:23:57.000,D,314.3065
10:23:58.000,A,213.9393
10:23:59.000,A,203.9969
10:24:00.000,D,313.1796
10:24:01.000,B,101.7839
10:24:02.000,D,304.99
10:24:03.000,A,216.2864
10:24:04.000,A,210.6895
10:24:05.000,D,307.9852
10:24:06.000,C,164.0356
10:24:07.000,C,150.3536
10:24:08.000,D,301.9709
10:24:09.000,B,104.7317
10:24:10.000,C,154.22
10:24:11.000,B,106.1868
10:24:12.000,B,106.8129
10:24:13.000,C,164.2037
10:24:14.000,C,154.6313
10:24:15.000,B,105.7752
10:24:16.000,B,103.1321
10:24:17.000,D,302.6097
10:24:18.000,C,158.3861
10:24:19.000,A,203.7715
10:24:20.000,B,104.9003
10:24:21.000,C,160.2534
10:24:22.000,A,207.2292
10:24:23.000,A,216.7575
10:24:24.000,D,301.6263
10:24:25.000,B,101.6357
10:24:26.000,A,212.8356
10:24:27.000,C,159.9834
10:24:28.000,A,216.1299
10:24:29.000,B,104.3168
10:24:30.000,B,109.0542
10:24:31.000,A,207.4826
10:24:32.000,D,321.9578
10:24:33.000,D,314.9994
10:24:34.000,D,323.5404
10:24:35.000,B,106.7217
10:24:36.000,D,321.2233
10:24:37.000,A,216.9643
10:24:38.000,C,160.6599
10:24:39.000,A,208.1795
10:24:40.000,C,157.0099
10:24:41.000,C,156.3577
10:24:42.000,A,206.5936
10:24:43.000,D,319.9961
10:24:44.000,B,102.9709
10:24:45.000,C,163.218
10:24:46.000,B,100.6806
10:24:47.000,C,155.8918
10:24:48.000,B,105.9243
10:24:49.000,D,314.6528
10:24:50.000,C,160.2096
10:24:51.000,D,318.5112
10:24:52.000,D,316.4286
10:24:53.000,C,162.7028
10:24:54.000,C,156.2309
10:24:55.000,A,200.6232
10:24:56.000,C,151.9646
10:24:57.000,A,214.1307
10:24:58.000,C,160.4518
10:24:59.000,D,316.8052
10:25:00.000,A,202.9585
10:25:01.000,A,214.4492
10:25:02.000,B,106.2902
10:25:03.000,D,311.7425
10:25:04.000,B,101.3967
10:25:05.000,B,104.4799
10:25:06.000,A,211.0895
10:25:07.000,D,317.9239
10:25:08.000,C,161.0004
10:25:09.000,C,159.7733
10:25:10.000,B,105.7646
10:25:11.000,A,211.6706
10:25:12.000,B,107.2048
10:25:13.000,B,105.4147
10:25:14.000,B,105.7203
10:25:15.000,B,103.677
10:25:16.000,D,314.7822
10:25:17.000,C,152.9217
10:25:18.000,C,150.633
10:25:19.000,A,217.048
10:25:20.000,D,326.9813
10:25:21.000,B,102.27
10:25:22.000,A,201.8254
10:25:23.000,D,300.6946
10:25:24.000,D,323.8344
10:25:25.000,C,151.8134
10:25:26.000,B,102.6559
10:25:27.000,A,205.3304
10:25:28.000,D,322.7512
10:25:29.000,D,300.85
10:25:30.000,A,208.0289
10:25:31.000,D,312.4784
10:25:32.000,D,302.6274
10:25:33.000,C,159.2551
10:25:34.000,B,100.8486
10:25:35.000,D,309.6072
10:25:36.000,B,108.6017
10:25:37.000,C,161.225
10:25:38.000,D,305.5193
10:25:39.000,B,108.0204
10:25:40.000,A,208.8437
10:25:41.000,D,317.079
10:25:42.000,B,103.3741
10:25:43.000,B,107.4839
10:25:44.000,C,152.1825
10:25:45.000,C,152.046
10:25:46.000,D,300.8192
10:25:47.000,B,102.5573
10:25:48.000,C,162.0557
10:25:49.000,D,316.017
10:25:50.000,D,324.729
10:25:51.000,C,159.9697
10:25:52.000,C,159.4115
10:25:53.000,B,106.9218
10:25:54.000,D,304.7012
10:25:55.000,C,152.3352
10:25:56.000,D,301.7629
10:25:57.000,D,313.3585
10:25:58.000,B,106.6276
10:25:59.000,B,104.6496
10:26:00.000,D,303.9352
10:26:01.000,B,102.8456
10:26:02.000,D,300.4627
10:26:03.000,A,218.0743
10:26:04.000,A,210.4797
10:26:05.000,B,102.1431
10:26:06.000,D,316.3949
10:26:07.000,C,156.6031
10:26:08.000,B,100.9187
10:26:09.000,B,101.4341
10:26:10.000,A,209.6808
10:26:11.000,D,315.9008
10:26:12.000,B,103.6203
10:26:13.000,D,318.6913
10:26:14.000,A,201.2009
10:26:15.000,C,157.9412
10:26:16.000,A,211.1752
10:26:17.000,D,317.7602
10:26:18.000,C,161.8079
10:26:19.000,D,324.0281
10:26:20.000,A,203.342
10:26:21.000,D,328.0413
10:26:22.000,A,206.0214
10:26:23.000,B,102.6314
10:26:24.000,A,202.2362
10:26:25.000,A,206.5013
10:26:26.000,B,101.3166
10:26:27.000,A,205.1384
10:26:28.000,C,162.9384
10:26:29.000,A,214.251
10:26:30.000,D,310.9721
10:26:31.000,D,324.0848
10:26:32.000,B,108.7803
10:26:33.000,C,150.3016
10:26:34.000,A,208.3573
10:26:35.000,C,164.2403
10:26:36.000,B,104.1649
10:26:37.000,D,321.1302
10:26:38.000,D,318.8142
10:26:39.000,C,164.9493
10:26:40.000,C,151.8463
10:26:41.000,C,159.1549
10:26:42.000,B,100.2814
10:26:43.000,B,105.4869
10:26:44.000,B,105.6591
10:26:45.000,C,152.5021
10:26:46.000,D,315.6025
10:26:47.000,B,109.5255
10:26:48.000,C,164.0342
10:26:49.000,B,100.2615
10:26:50.000,A,207.9783
10:26:51.000,D,310.1361
10:26:52.000,D,317.2604
10:26:53.000,D,319.8906
10:26:54.000,B,101.2805
10:26:55.000,A,206.3891
10:26:56.000,A,211.0247
10:26:57.000,A,207.424
10:26:58.000,A,213.2083
10:26:59.000,A,211.0286
10:27:00.000,B,108.9686
10:27:01.000,D,329.4113
10:27:02.000,D,315.1923
10:27:03.000,D,329.2785
10:27:04.000,B,106.9654
10:27:05.000,C,160.2977
10:27:06.000,B,109.1378
10:27:07.000,B,106.4588
10:27:08.000,A,216.6447
10:27:09.000,A,201.219
10:27:10.000,D,314.8068
10:27:11.000,C,163.7874
10:27:12.000,B,106.651
10:27:13.000,B,100.3991
10:27:14.000,C,157.5356
10:27:15.000,A,219.167
10:27:16.000,D,308.5334
10:27:17.000,A,219.3843
10:27:18.000,C,162.034
10:27:19.000,A,206.9333
10:27:20.000,B,102.8983
10:27:21.000,C,161.2836
10:27:22.000,C,154.086
10:27:23.000,D,323.2898
10:27:24.000,D,329.3972
10:27:25.000,D,315.4606
10:27:26.000,B,105.3956
10:27:27.000,C,164.1533
10:27:28.000,A,202.5265
10:27:29.000,C,152.5507
10:27:30.000,B,104.2588
10:27:31.000,C,152.8136
10:27:32.000,D,305.5244
10:27:33.000,A,213.8168
10:27:34.000,C,153.9848
10:27:35.000,A,216.8885
10:27:36.000,B,105.6409
10:27:37.000,C,153.0819
10:27:38.000,C,164.3097
10:27:39.000,D,306.5894
10:27:40.000,C,153.3722
10:27:41.000,C,150.6184
10:27:42.000,B,107.6679
10:27:43.000,B,102.8564
10:27:44.000,A,217.2223
10:27:45.000,A,214.063
10:27:46.000,A,217.5598
10:27:47.000,B,102.7156
10:27:48.000,A,216.4329
10:27:49.000,B,103.629
10:27:50.000,C,164.1205
10:27:51.000,C,155.4008
10:27:52.000,D,302.5771
10:27:53.000,A,210.6851
10:27:54.000,A,207.8747
10:27:55.000,A,216.5947
10:27:56.000,B,104.0595
10:27:57.000,D,325.2677
10:27:58.000,A,210.8146
10:27:59.000,C,158.4573
10:28:00.000,D,326.4097
10:28:01.000,C,157.509
10:28:02.000,C,164.9486
10:28:03.000,D,310.7818
10:28:04.000,D,325.8193
10:28:05.000,C,153.8638
10:28:06.000,A,201.8855
10:28:07.000,D,305.0562
10:28:08.000,A,211.2336
10:28:09.000,C,160.4407
10:28:10.000,C,156.0233
10:28:11.000,B,103.0543
10:28:12.000,C,154.4342
10:28:13.000,D,315.7107
10:28:14.000,A,203.0664
10:28:15.000,C,155.9107
10:28:16.000,B,104.6101
10:28:17.000,A,217.5425
10:28:18.000,C,158.1788
10:28:19.000,A,211.1547
10:28:20.000,D,324.1828
10:28:21.000,D,321.1258
10:28:22.000,C,161.5499
10:28:23.000,B,101.2109
10:28:24.000,A,211.7021
10:28:25.000,D,316.9838
10:28:26.000,A,201.6953
10:28:27.000,D,327.2078
10:28:28.000,A,200.4913
10:28:29.000,C,152.28
10:28:30.000,C,150.5341
10:28:31.000,C,152.0418
10:28:32.000,B,108.1147
10:28:33.000,C,150.455
10:28:34.000,A,206.5756
10:28:35.000,A,203.2506
10:28:36.000,D,313.1312
10:28:37.000,D,310.8754
10:28:38.000,D,318.667
10:28:39.000,A,203.258
10:28:40.000,B,101.417
10:28:41.000,D,310.3401
10:28:42.000,C,150.2972
10:28:43.000,B,103.9906
10:28:44.000,C,156.168
10:28:45.000,D,319.5139
10:28:46.000,D,323.3812
10:28:47.000,D,300.4081
10:28:48.000,D,301.6411
10:28:49.000,A,214.9973
10:28:50.000,B,107.0393
10:28:51.000,A,211.6887
10:28:52.000,D,302.2325
10:28:53.000,B,108.9188
10:28:54.000,C,162.2096
10:28:55.000,A,219.3884
10:28:56.000,A,208.6861
10:28:57.000,A,200.4579
10:28:58.000,A,207.9651
10:28:59.000,C,151.1945
10:29:00.000,C,160.6469
10:29:01.000,C,155.7853
10:29:02.000,C,159.7037
10:29:03.000,A,217.8659
10:29:04.000,D,301.0299
10:29:05.000,A,203.3941
10:29:06.000,D,311.9891
10:29:07.000,B,109.3163
10:29:08.000,D,314.5078
10:29:09.000,D,301.548
10:29:10.000,D,315.0677
10:29:11.000,C,156.7819
10:29:12.000,D,318.9209
10:29:13.000,B,102.9015
10:29:14.000,B,107.586
10:29:15.000,D,315.0957
10:29:16.000,D,324.7584
10:29:17.000,B,107.4987
10:29:18.000,B,101.3862
10:29:19.000,A,214.5431
10:29:20.000,C,162.047
10:29:21.000,C,155.4592
10:29:22.000,C,162.8098
10:29:23.000,B,107.4751
10:29:24.000,B,107.1898
10:29:25.000,C,161.8178
10:29:26.000,D,303.869
10:29:27.000,A,213.4378
10:29:28.000,D,305.5117
10:29:29.000,D,305.0755
10:29:30.000,C,154.5665
10:29:31.000,D,314.9365
10:29:32.000,D,307.846
10:29:33.000,A,208.56
10:29:34.000,B,106.4937
10:29:35.000,B,107.3761
10:29:36.000,B,105.0124
10:29:37.000,C,159.1254
10:29:38.000,D,314.1685
10:29:39.000,A,217.3905
10:29:40.000,C,159.4311
10:29:41.000,D,322.6927
10:29:42.000,D,317.7506
10:29:43.000,B,100.5256
10:29:44.000,C,151.5249
10:29:45.000,B,100.7834
10:29:46.000,B,105.938
10:29:47.000,D,302.4071
10:29:48.000,A,207.6838
10:29:49.000,C,150.1467
10:29:50.000,C,153.6319
10:29:51.000,C,159.2205
10:29:52.000,A,208.5702
10:29:53.000,A,209.2795
10:29:54.000,A,206.6479
10:29:55.000,C,151.4904
10:29:56.000,C,150.8513
10:29:57.000,D,328.5608
10:29:58.000,D,314.8434
10:29:59.000,C,158.2499
