Time,Price
2021-03-18 09:30:00,27.15
2021-03-18 09:31:00,27.1
2021-03-18 09:32:00,27.15
2021-03-18 09:33:00,27.05
2021-03-18 09:34:00,26.9
2021-03-18 09:35:00,27.05
2021-03-18 09:36:00,26.95
2021-03-18 09:37:00,26.95
2021-03-18 09:38:00,27.0
2021-03-18 09:39:00,27.0
2021-03-18 09:40:00,27.05
2021-03-18 09:41:00,27.05
2021-03-18 09:42:00,27.0
2021-03-18 09:43:00,27.05
2021-03-18 09:44:00,27.0
2021-03-18 09:45:00,26.95
2021-03-18 09:46:00,26.95
2021-03-18 09:47:00,26.85
2021-03-18 09:48:00,26.85
2021-03-18 09:49:00,26.85
2021-03-18 09:50:00,26.95
2021-03-18 09:51:00,26.9
2021-03-18 09:52:00,26.9
2021-03-18 09:53:00,26.95
2021-03-18 09:54:00,26.95
2021-03-18 09:55:00,26.95
2021-03-18 09:56:00,26.9
2021-03-18 09:57:00,26.9
2021-03-18 09:58:00,26.85
2021-03-18 09:59:00,26.9
2021-03-18 10:00:00,26.95
2021-03-18 10:01:00,26.95
2021-03-18 10:02:00,26.9
2021-03-18 10:03:00,26.9
2021-03-18 10:04:00,26.85
2021-03-18 10:05:00,26.8
2021-03-18 10:06:00,26.8
2021-03-18 10:07:00,26.75
2021-03-18 10:08:00,26.8
2021-03-18 10:09:00,26.75
2021-03-18 10:10:00,26.7
2021-03-18 10:11:00,26.75
2021-03-18 10:12:00,26.7
2021-03-18 10:13:00,26.65
2021-03-18 10:14:00,26.7
2021-03-18 10:15:00,26.8
2021-03-18 10:16:00,26.75
2021-03-18 10:17:00,26.7
2021-03-18 10:18:00,26.65
2021-03-18 10:19:00,26.7
2021-03-18 10:20:00,26.7
2021-03-18 10:21:00,26.6
2021-03-18 10:22:00,26.6
2021-03-18 10:23:00,26.6
2021-03-18 10:24:00,26.65
2021-03-18 10:25:00,26.6
2021-03-18 10:26:00,26.65
2021-03-18 10:27:00,26.65
2021-03-18 10:28:00,26.7
2021-03-18 10:29:00,26.7
2021-03-18 10:30:00,26.75
2021-03-18 10:31:00,26.8
2021-03-18 10:32:00,26.85
2021-03-18 10:33:00,26.8
2021-03-18 10:34:00,26.75
2021-03-18 10:35:00,26.75
2021-03-18 10:36:00,26.75
2021-03-18 10:37:00,26.8
2021-03-18 10:38:00,26.8
2021-03-18 10:39:00,26.85
2021-03-18 10:40:00,26.85
2021-03-18 10:41:00,26.85
2021-03-18 10:42:00,26.8
2021-03-18 10:43:00,26.8
2021-03-18 10:44:00,26.85
2021-03-18 10:45:00,26.85
2021-03-18 10:46:00,26.9
2021-03-18 10:47:00,26.9
2021-03-18 10:48:00,26.85
2021-03-18 10:49:00,26.85
2021-03-18 10:50:00,26.95
2021-03-18 10:51:00,26.95
2021-03-18 10:52:00,26.9
2021-03-18 10:53:00,26.85
2021-03-18 10:54:00,26.8
2021-03-18 10:55:00,26.85
2021-03-18 10:56:00,26.85
2021-03-18 10:57:00,26.85
2021-03-18 10:58:00,26.85
2021-03-18 10:59:00,26.85
2021-03-18 11:00:00,26.9
2021-03-18 11:01:00,26.9
2021-03-18 11:02:00,26.85
2021-03-18 11:03:00,26.9
2021-03-18 11:04:00,26.9
2021-03-18 11:05:00,26.85
2021-03-18 11:06:00,26.8
2021-03-18 11:07:00,26.85
2021-03-18 11:08:00,26.85
2021-03-18 11:09:00,26.8
2021-03-18 11:10:00,26.85
2021-03-18 11:11:00,26.85
2021-03-18 11:12:00,26.85
2021-03-18 11:13:00,26.85
2021-03-18 11:14:00,26.85
2021-03-18 11:15:00,26.85
2021-03-18 11:16:00,26.8
2021-03-18 11:17:00,26.8
2021-03-18 11:18:00,26.8
2021-03-18 11:19:00,26.8
2021-03-18 11:20:00,26.85
2021-03-18 11:21:00,26.8
2021-03-18 11:22:00,26.75
2021-03-18 11:23:00,26.75
2021-03-18 11:24:00,26.7
2021-03-18 11:25:00,26.7
2021-03-18 11:26:00,26.7
2021-03-18 11:27:00,26.6
2021-03-18 11:28:00,26.65
2021-03-18 11:29:00,26.65
2021-03-18 11:30:00,26.65
2021-03-18 11:31:00,26.65
2021-03-18 11:32:00,26.65
2021-03-18 11:33:00,26.7
2021-03-18 11:34:00,26.7
2021-03-18 11:35:00,26.65
2021-03-18 11:36:00,26.65
2021-03-18 11:37:00,26.55
2021-03-18 11:38:00,26.6
2021-03-18 11:39:00,26.6
2021-03-18 11:40:00,26.65
2021-03-18 11:41:00,26.65
2021-03-18 11:42:00,26.65
2021-03-18 11:43:00,26.65
2021-03-18 11:44:00,26.65
2021-03-18 11:45:00,26.65
2021-03-18 11:46:00,26.6
2021-03-18 11:47:00,26.65
2021-03-18 11:48:00,26.6
2021-03-18 11:49:00,26.6
2021-03-18 11:50:00,26.55
2021-03-18 11:51:00,26.6
2021-03-18 11:52:00,26.6
2021-03-18 11:53:00,26.6
2021-03-18 11:54:00,26.65
2021-03-18 11:55:00,26.6
2021-03-18 11:56:00,26.65
2021-03-18 11:57:00,26.6
2021-03-18 11:58:00,26.65
2021-03-18 11:59:00,26.65
2021-03-18 12:00:00,26.65
2021-03-18 13:01:00,26.8
2021-03-18 13:02:00,26.75
2021-03-18 13:03:00,26.75
2021-03-18 13:04:00,26.75
2021-03-18 13:05:00,26.7
2021-03-18 13:06:00,26.7
2021-03-18 13:07:00,26.7
2021-03-18 13:08:00,26.65
2021-03-18 13:09:00,26.65
2021-03-18 13:10:00,26.65
2021-03-18 13:11:00,26.65
2021-03-18 13:12:00,26.65
2021-03-18 13:13:00,26.65
2021-03-18 13:14:00,26.65
2021-03-18 13:15:00,26.7
2021-03-18 13:16:00,26.75
2021-03-18 13:17:00,26.7
2021-03-18 13:18:00,26.7
2021-03-18 13:19:00,26.7
2021-03-18 13:20:00,26.75
2021-03-18 13:21:00,26.75
2021-03-18 13:22:00,26.75
2021-03-18 13:23:00,26.8
2021-03-18 13:24:00,26.7
2021-03-18 13:25:00,26.75
2021-03-18 13:26:00,26.7
2021-03-18 13:27:00,26.7
2021-03-18 13:28:00,26.7
2021-03-18 13:29:00,26.7
2021-03-18 13:30:00,26.65
2021-03-18 13:31:00,26.7
2021-03-18 13:32:00,26.65
2021-03-18 13:33:00,26.65
2021-03-18 13:34:00,26.7
2021-03-18 13:35:00,26.7
2021-03-18 13:36:00,26.7
2021-03-18 13:37:00,26.75
2021-03-18 13:38:00,26.75
2021-03-18 13:39:00,26.7
2021-03-18 13:40:00,26.7
2021-03-18 13:41:00,26.7
2021-03-18 13:42:00,26.7
2021-03-18 13:43:00,26.7
2021-03-18 13:44:00,26.7
2021-03-18 13:45:00,26.65
2021-03-18 13:46:00,26.65
2021-03-18 13:47:00,26.65
2021-03-18 13:48:00,26.7
2021-03-18 13:49:00,26.7
2021-03-18 13:50:00,26.65
2021-03-18 13:51:00,26.65
2021-03-18 13:52:00,26.6
2021-03-18 13:53:00,26.65
2021-03-18 13:54:00,26.65
2021-03-18 13:55:00,26.6
2021-03-18 13:56:00,26.7
2021-03-18 13:57:00,26.65
2021-03-18 13:58:00,26.65
2021-03-18 13:59:00,26.65
2021-03-18 14:00:00,26.65
2021-03-18 14:01:00,26.65
2021-03-18 14:02:00,26.6
2021-03-18 14:03:00,26.55
2021-03-18 14:04:00,26.6
2021-03-18 14:05:00,26.6
2021-03-18 14:06:00,26.55
2021-03-18 14:07:00,26.5
2021-03-18 14:08:00,26.55
2021-03-18 14:09:00,26.6
2021-03-18 14:10:00,26.55
2021-03-18 14:11:00,26.6
2021-03-18 14:12:00,26.65
2021-03-18 14:13:00,26.65
2021-03-18 14:14:00,26.65
2021-03-18 14:15:00,26.6
2021-03-18 14:16:00,26.55
2021-03-18 14:17:00,26.6
2021-03-18 14:18:00,26.6
2021-03-18 14:19:00,26.6
2021-03-18 14:20:00,26.6
2021-03-18 14:21:00,26.6
2021-03-18 14:22:00,26.6
2021-03-18 14:23:00,26.6
2021-03-18 14:24:00,26.65
2021-03-18 14:25:00,26.6
2021-03-18 14:26:00,26.65
2021-03-18 14:27:00,26.65
2021-03-18 14:28:00,26.6
2021-03-18 14:29:00,26.6
2021-03-18 14:30:00,26.65
2021-03-18 14:31:00,26.65
2021-03-18 14:32:00,26.6
2021-03-18 14:33:00,26.65
2021-03-18 14:34:00,26.7
2021-03-18 14:35:00,26.7
2021-03-18 14:36:00,26.6
2021-03-18 14:37:00,26.7
2021-03-18 14:38:00,26.65
2021-03-18 14:39:00,26.7
2021-03-18 14:40:00,26.7
2021-03-18 14:41:00,26.75
2021-03-18 14:42:00,26.75
2021-03-18 14:43:00,26.75
2021-03-18 14:44:00,26.75
2021-03-18 14:45:00,26.75
2021-03-18 14:46:00,26.75
2021-03-18 14:47:00,26.8
2021-03-18 14:48:00,26.8
2021-03-18 14:49:00,26.85
2021-03-18 14:50:00,26.75
2021-03-18 14:51:00,26.8
2021-03-18 14:52:00,26.8
2021-03-18 14:53:00,26.85
2021-03-18 14:54:00,26.85
2021-03-18 14:55:00,26.85
2021-03-18 14:56:00,26.85
2021-03-18 14:57:00,26.8
2021-03-18 14:58:00,26.75
2021-03-18 14:59:00,26.8
2021-03-18 15:00:00,26.75
2021-03-18 15:01:00,26.75
2021-03-18 15:02:00,26.8
2021-03-18 15:03:00,26.8
2021-03-18 15:04:00,26.75
2021-03-18 15:05:00,26.75
2021-03-18 15:06:00,26.75
2021-03-18 15:07:00,26.75
2021-03-18 15:08:00,26.75
2021-03-18 15:09:00,26.75
2021-03-18 15:10:00,26.7
2021-03-18 15:11:00,26.7
2021-03-18 15:12:00,26.75
2021-03-18 15:13:00,26.75
2021-03-18 15:14:00,26.75
2021-03-18 15:15:00,26.75
2021-03-18 15:16:00,26.75
2021-03-18 15:17:00,26.75
2021-03-18 15:18:00,26.75
2021-03-18 15:19:00,26.75
2021-03-18 15:20:00,26.7
2021-03-18 15:21:00,26.7
2021-03-18 15:22:00,26.7
2021-03-18 15:23:00,26.7
2021-03-18 15:24:00,26.7
2021-03-18 15:25:00,26.65
2021-03-18 15:26:00,26.6
2021-03-18 15:27:00,26.6
2021-03-18 15:28:00,26.5
2021-03-18 15:29:00,26.6
2021-03-18 15:30:00,26.55
2021-03-18 15:31:00,26.5
2021-03-18 15:32:00,26.5
2021-03-18 15:33:00,26.5
2021-03-18 15:34:00,26.5
2021-03-18 15:35:00,26.5
2021-03-18 15:36:00,26.55
2021-03-18 15:37:00,26.55
2021-03-18 15:38:00,26.55
2021-03-18 15:39:00,26.55
2021-03-18 15:40:00,26.4
2021-03-18 15:41:00,26.4
2021-03-18 15:42:00,26.35
2021-03-18 15:43:00,26.35
2021-03-18 15:44:00,26.45
2021-03-18 15:45:00,26.4
2021-03-18 15:46:00,26.4
2021-03-18 15:47:00,26.45
2021-03-18 15:48:00,26.45
2021-03-18 15:49:00,26.4
2021-03-18 15:50:00,26.45
2021-03-18 15:51:00,26.45
2021-03-18 15:52:00,26.35
2021-03-18 15:53:00,26.35
2021-03-18 15:54:00,26.4
2021-03-18 15:55:00,26.35
2021-03-18 15:56:00,26.35
2021-03-18 15:57:00,26.35
2021-03-18 15:58:00,26.3
2021-03-18 15:59:00,26.3
2021-03-18 16:00:00,26.45
2021-03-19 09:30:00,25.8
2021-03-19 09:31:00,25.95
2021-03-19 09:32:00,26.0
2021-03-19 09:33:00,26.1
2021-03-19 09:34:00,26.0
2021-03-19 09:35:00,26.0
2021-03-19 09:36:00,26.05
2021-03-19 09:37:00,26.05
2021-03-19 09:38:00,26.15
2021-03-19 09:39:00,26.25
2021-03-19 09:40:00,26.25
2021-03-19 09:41:00,26.15
2021-03-19 09:42:00,26.15
2021-03-19 09:43:00,26.15
2021-03-19 09:44:00,26.15
2021-03-19 09:45:00,26.25
2021-03-19 09:46:00,26.3
2021-03-19 09:47:00,26.4
2021-03-19 09:48:00,26.4
2021-03-19 09:49:00,26.4
2021-03-19 09:50:00,26.3
2021-03-19 09:51:00,26.25
2021-03-19 09:52:00,26.2
2021-03-19 09:53:00,26.25
2021-03-19 09:54:00,26.3
2021-03-19 09:55:00,26.3
2021-03-19 09:56:00,26.25
2021-03-19 09:57:00,26.2
2021-03-19 09:58:00,26.2
2021-03-19 09:59:00,26.2
2021-03-19 10:00:00,26.25
2021-03-19 10:01:00,26.25
2021-03-19 10:02:00,26.25
2021-03-19 10:03:00,26.15
2021-03-19 10:04:00,26.05
2021-03-19 10:05:00,26.1
2021-03-19 10:06:00,26.05
2021-03-19 10:07:00,26.05
2021-03-19 10:08:00,26.05
2021-03-19 10:09:00,26.05
2021-03-19 10:10:00,26.0
2021-03-19 10:11:00,26.05
2021-03-19 10:12:00,26.05
2021-03-19 10:13:00,26.0
2021-03-19 10:14:00,26.15
2021-03-19 10:15:00,26.15
2021-03-19 10:16:00,26.2
2021-03-19 10:17:00,26.15
2021-03-19 10:18:00,26.1
2021-03-19 10:19:00,26.1
2021-03-19 10:20:00,26.1
2021-03-19 10:21:00,26.15
2021-03-19 10:22:00,26.2
2021-03-19 10:23:00,26.3
2021-03-19 10:24:00,26.5
2021-03-19 10:25:00,26.55
2021-03-19 10:26:00,26.6
2021-03-19 10:27:00,26.75
2021-03-19 10:28:00,26.7
2021-03-19 10:29:00,26.75
2021-03-19 10:30:00,26.7
2021-03-19 10:31:00,26.55
2021-03-19 10:32:00,26.6
2021-03-19 10:33:00,26.6
2021-03-19 10:34:00,26.65
2021-03-19 10:35:00,26.65
2021-03-19 10:36:00,26.7
2021-03-19 10:37:00,26.65
2021-03-19 10:38:00,26.7
2021-03-19 10:39:00,26.65
2021-03-19 10:40:00,26.6
2021-03-19 10:41:00,26.5
2021-03-19 10:42:00,26.5
2021-03-19 10:43:00,26.5
2021-03-19 10:44:00,26.45
2021-03-19 10:45:00,26.45
2021-03-19 10:46:00,26.45
2021-03-19 10:47:00,26.45
2021-03-19 10:48:00,26.45
2021-03-19 10:49:00,26.45
2021-03-19 10:50:00,26.45
2021-03-19 10:51:00,26.6
2021-03-19 10:52:00,26.65
2021-03-19 10:53:00,26.6
2021-03-19 10:54:00,26.55
2021-03-19 10:55:00,26.45
2021-03-19 10:56:00,26.45
2021-03-19 10:57:00,26.45
2021-03-19 10:58:00,26.5
2021-03-19 10:59:00,26.5
2021-03-19 11:00:00,26.45
2021-03-19 11:01:00,26.4
2021-03-19 11:02:00,26.4
2021-03-19 11:03:00,26.4
2021-03-19 11:04:00,26.4
2021-03-19 11:05:00,26.45
2021-03-19 11:06:00,26.4
2021-03-19 11:07:00,26.4
2021-03-19 11:08:00,26.35
2021-03-19 11:09:00,26.35
2021-03-19 11:10:00,26.45
2021-03-19 11:11:00,26.45
2021-03-19 11:12:00,26.3
2021-03-19 11:13:00,26.35
2021-03-19 11:14:00,26.35
2021-03-19 11:15:00,26.25
2021-03-19 11:16:00,26.05
2021-03-19 11:17:00,26.0
2021-03-19 11:18:00,26.05
2021-03-19 11:19:00,26.1
2021-03-19 11:20:00,26.15
2021-03-19 11:21:00,26.1
2021-03-19 11:22:00,26.15
2021-03-19 11:23:00,26.1
2021-03-19 11:24:00,26.15
2021-03-19 11:25:00,26.15
2021-03-19 11:26:00,26.1
2021-03-19 11:27:00,26.0
2021-03-19 11:28:00,25.9
2021-03-19 11:29:00,25.9
2021-03-19 11:30:00,25.95
2021-03-19 11:31:00,25.9
2021-03-19 11:32:00,25.95
2021-03-19 11:33:00,26.1
2021-03-19 11:34:00,26.1
2021-03-19 11:35:00,26.0
2021-03-19 11:36:00,26.0
2021-03-19 11:37:00,26.05
2021-03-19 11:38:00,26.05
2021-03-19 11:39:00,26.0
2021-03-19 11:40:00,26.05
2021-03-19 11:41:00,25.95
2021-03-19 11:42:00,25.95
2021-03-19 11:43:00,26.0
2021-03-19 11:44:00,26.0
2021-03-19 11:45:00,26.0
2021-03-19 11:46:00,26.05
2021-03-19 11:47:00,26.05
2021-03-19 11:48:00,26.05
2021-03-19 11:49:00,26.05
2021-03-19 11:50:00,25.95
2021-03-19 11:51:00,25.95
2021-03-19 11:52:00,25.95
2021-03-19 11:53:00,25.95
2021-03-19 11:54:00,25.9
2021-03-19 11:55:00,25.95
2021-03-19 11:56:00,25.95
2021-03-19 11:57:00,25.9
2021-03-19 11:58:00,25.95
2021-03-19 11:59:00,25.95
2021-03-19 12:00:00,25.9
2021-03-19 13:01:00,26.1
2021-03-19 13:02:00,26.1
2021-03-19 13:03:00,26.05
2021-03-19 13:04:00,26.05
2021-03-19 13:05:00,26.05
2021-03-19 13:06:00,26.05
2021-03-19 13:07:00,26.0
2021-03-19 13:08:00,26.0
2021-03-19 13:09:00,25.85
2021-03-19 13:10:00,25.85
2021-03-19 13:11:00,25.85
2021-03-19 13:12:00,25.85
2021-03-19 13:13:00,25.95
2021-03-19 13:14:00,25.9
2021-03-19 13:15:00,25.95
2021-03-19 13:16:00,25.95
2021-03-19 13:17:00,25.9
2021-03-19 13:18:00,25.95
2021-03-19 13:19:00,25.95
2021-03-19 13:20:00,26.0
2021-03-19 13:21:00,25.9
2021-03-19 13:22:00,25.9
2021-03-19 13:23:00,25.9
2021-03-19 13:24:00,25.9
2021-03-19 13:25:00,25.9
2021-03-19 13:26:00,25.85
2021-03-19 13:27:00,25.9
2021-03-19 13:28:00,25.9
2021-03-19 13:29:00,25.9
2021-03-19 13:30:00,25.9
2021-03-19 13:31:00,25.85
2021-03-19 13:32:00,25.9
2021-03-19 13:33:00,25.85
2021-03-19 13:34:00,25.85
2021-03-19 13:35:00,25.9
2021-03-19 13:36:00,25.95
2021-03-19 13:37:00,25.95
2021-03-19 13:38:00,25.9
2021-03-19 13:39:00,26.05
2021-03-19 13:40:00,26.1
2021-03-19 13:41:00,26.05
2021-03-19 13:42:00,25.95
2021-03-19 13:43:00,25.95
2021-03-19 13:44:00,25.95
2021-03-19 13:45:00,26.0
2021-03-19 13:46:00,25.95
2021-03-19 13:47:00,25.95
2021-03-19 13:48:00,26.0
2021-03-19 13:49:00,25.95
2021-03-19 13:50:00,25.95
2021-03-19 13:51:00,26.0
2021-03-19 13:52:00,26.0
2021-03-19 13:53:00,26.0
2021-03-19 13:54:00,26.0
2021-03-19 13:55:00,26.0
2021-03-19 13:56:00,26.0
2021-03-19 13:57:00,26.0
2021-03-19 13:58:00,26.05
2021-03-19 13:59:00,26.05
2021-03-19 14:00:00,26.1
2021-03-19 14:01:00,26.05
2021-03-19 14:02:00,26.0
2021-03-19 14:03:00,25.95
2021-03-19 14:04:00,25.95
2021-03-19 14:05:00,25.95
2021-03-19 14:06:00,25.9
2021-03-19 14:07:00,25.9
2021-03-19 14:08:00,25.85
2021-03-19 14:09:00,25.85
2021-03-19 14:10:00,25.95
2021-03-19 14:11:00,25.95
2021-03-19 14:12:00,25.95
2021-03-19 14:13:00,25.9
2021-03-19 14:14:00,25.95
2021-03-19 14:15:00,25.95
2021-03-19 14:16:00,26.0
2021-03-19 14:17:00,26.0
2021-03-19 14:18:00,25.95
2021-03-19 14:19:00,25.9
2021-03-19 14:20:00,25.9
2021-03-19 14:21:00,25.85
2021-03-19 14:22:00,25.85
2021-03-19 14:23:00,25.85
2021-03-19 14:24:00,25.9
2021-03-19 14:25:00,25.95
2021-03-19 14:26:00,25.95
2021-03-19 14:27:00,26.0
2021-03-19 14:28:00,25.95
2021-03-19 14:29:00,26.0
2021-03-19 14:30:00,25.95
2021-03-19 14:31:00,25.95
2021-03-19 14:32:00,26.0
2021-03-19 14:33:00,25.95
2021-03-19 14:34:00,25.95
2021-03-19 14:35:00,26.0
2021-03-19 14:36:00,25.95
2021-03-19 14:37:00,25.9
2021-03-19 14:38:00,25.9
2021-03-19 14:39:00,25.9
2021-03-19 14:40:00,25.95
2021-03-19 14:41:00,25.9
2021-03-19 14:42:00,25.95
2021-03-19 14:43:00,25.95
2021-03-19 14:44:00,26.0
2021-03-19 14:45:00,25.95
2021-03-19 14:46:00,26.0
2021-03-19 14:47:00,25.95
2021-03-19 14:48:00,25.95
2021-03-19 14:49:00,25.95
2021-03-19 14:50:00,26.0
2021-03-19 14:51:00,25.95
2021-03-19 14:52:00,26.0
2021-03-19 14:53:00,26.1
2021-03-19 14:54:00,26.0
2021-03-19 14:55:00,26.0
2021-03-19 14:56:00,25.95
2021-03-19 14:57:00,26.0
2021-03-19 14:58:00,25.95
2021-03-19 14:59:00,26.0
2021-03-19 15:00:00,25.95
2021-03-19 15:01:00,25.95
2021-03-19 15:02:00,26.0
2021-03-19 15:03:00,25.95
2021-03-19 15:04:00,25.95
2021-03-19 15:05:00,25.95
2021-03-19 15:06:00,26.0
2021-03-19 15:07:00,25.95
2021-03-19 15:08:00,25.9
2021-03-19 15:09:00,25.9
2021-03-19 15:10:00,25.95
2021-03-19 15:11:00,25.9
2021-03-19 15:12:00,25.95
2021-03-19 15:13:00,25.95
2021-03-19 15:14:00,25.9
2021-03-19 15:15:00,25.9
2021-03-19 15:16:00,25.9
2021-03-19 15:17:00,25.9
2021-03-19 15:18:00,25.9
2021-03-19 15:19:00,25.9
2021-03-19 15:20:00,25.95
2021-03-19 15:21:00,25.9
2021-03-19 15:22:00,25.95
2021-03-19 15:23:00,25.9
2021-03-19 15:24:00,25.95
2021-03-19 15:25:00,26.0
2021-03-19 15:26:00,26.0
2021-03-19 15:27:00,25.95
2021-03-19 15:28:00,25.95
2021-03-19 15:29:00,25.95
2021-03-19 15:30:00,25.95
2021-03-19 15:31:00,25.95
2021-03-19 15:32:00,25.95
2021-03-19 15:33:00,25.95
2021-03-19 15:34:00,26.0
2021-03-19 15:35:00,26.0
2021-03-19 15:36:00,26.0
2021-03-19 15:37:00,26.0
2021-03-19 15:38:00,26.0
2021-03-19 15:39:00,26.0
2021-03-19 15:40:00,25.95
2021-03-19 15:41:00,25.95
2021-03-19 15:42:00,26.0
2021-03-19 15:43:00,25.95
2021-03-19 15:44:00,25.95
2021-03-19 15:45:00,25.85
2021-03-19 15:46:00,25.85
2021-03-19 15:47:00,25.9
2021-03-19 15:48:00,25.9
2021-03-19 15:49:00,25.85
2021-03-19 15:50:00,25.9
2021-03-19 15:51:00,25.9
2021-03-19 15:52:00,25.9
2021-03-19 15:53:00,25.95
2021-03-19 15:54:00,25.95
2021-03-19 15:55:00,25.95
2021-03-19 15:56:00,25.95
2021-03-19 15:57:00,25.95
2021-03-19 15:58:00,25.95
2021-03-19 15:59:00,25.95
2021-03-19 16:00:00,25.9
2021-03-22 09:30:00,25.9
2021-03-22 09:31:00,25.95
2021-03-22 09:32:00,26.0
2021-03-22 09:33:00,26.0
2021-03-22 09:34:00,25.95
2021-03-22 09:35:00,25.95
2021-03-22 09:36:00,25.95
2021-03-22 09:37:00,25.95
2021-03-22 09:38:00,26.1
2021-03-22 09:39:00,26.1
2021-03-22 09:40:00,26.05
2021-03-22 09:41:00,26.1
2021-03-22 09:42:00,26.05
2021-03-22 09:43:00,26.1
2021-03-22 09:44:00,26.1
2021-03-22 09:45:00,26.05
2021-03-22 09:46:00,26.15
2021-03-22 09:47:00,26.1
2021-03-22 09:48:00,26.1
2021-03-22 09:49:00,26.05
2021-03-22 09:50:00,26.1
2021-03-22 09:51:00,26.0
2021-03-22 09:52:00,25.95
2021-03-22 09:53:00,26.0
2021-03-22 09:54:00,25.95
2021-03-22 09:55:00,25.95
2021-03-22 09:56:00,26.0
2021-03-22 09:57:00,26.0
2021-03-22 09:58:00,25.9
2021-03-22 09:59:00,25.9
2021-03-22 10:00:00,25.95
2021-03-22 10:01:00,25.95
2021-03-22 10:02:00,25.9
2021-03-22 10:03:00,25.9
2021-03-22 10:04:00,25.95
2021-03-22 10:05:00,25.9
2021-03-22 10:06:00,25.95
2021-03-22 10:07:00,25.9
2021-03-22 10:08:00,25.9
2021-03-22 10:09:00,25.85
2021-03-22 10:10:00,25.9
2021-03-22 10:11:00,25.9
2021-03-22 10:12:00,26.0
2021-03-22 10:13:00,26.0
2021-03-22 10:14:00,26.05
2021-03-22 10:15:00,26.1
2021-03-22 10:16:00,26.15
2021-03-22 10:17:00,26.1
2021-03-22 10:18:00,26.15
2021-03-22 10:19:00,26.2
2021-03-22 10:20:00,26.2
2021-03-22 10:21:00,26.3
2021-03-22 10:22:00,26.25
2021-03-22 10:23:00,26.25
2021-03-22 10:24:00,26.2
2021-03-22 10:25:00,26.2
2021-03-22 10:26:00,26.2
2021-03-22 10:27:00,26.15
2021-03-22 10:28:00,26.15
2021-03-22 10:29:00,26.2
2021-03-22 10:30:00,26.15
2021-03-22 10:31:00,26.1
2021-03-22 10:32:00,26.15
2021-03-22 10:33:00,26.1
2021-03-22 10:34:00,26.05
2021-03-22 10:35:00,26.1
2021-03-22 10:36:00,26.1
2021-03-22 10:37:00,26.1
2021-03-22 10:38:00,26.1
2021-03-22 10:39:00,26.05
2021-03-22 10:40:00,26.05
2021-03-22 10:41:00,26.0
2021-03-22 10:42:00,26.0
2021-03-22 10:43:00,26.05
2021-03-22 10:44:00,26.05
2021-03-22 10:45:00,26.0
2021-03-22 10:46:00,26.0
2021-03-22 10:47:00,26.05
2021-03-22 10:48:00,26.0
2021-03-22 10:49:00,25.95
2021-03-22 10:50:00,25.95
2021-03-22 10:51:00,25.95
2021-03-22 10:52:00,26.05
2021-03-22 10:53:00,26.05
2021-03-22 10:54:00,26.0
2021-03-22 10:55:00,26.0
2021-03-22 10:56:00,26.0
2021-03-22 10:57:00,26.0
2021-03-22 10:58:00,26.0
2021-03-22 10:59:00,26.0
2021-03-22 11:00:00,26.0
2021-03-22 11:01:00,26.05
2021-03-22 11:02:00,26.05
2021-03-22 11:03:00,26.05
2021-03-22 11:04:00,26.05
2021-03-22 11:05:00,26.1
2021-03-22 11:06:00,26.05
2021-03-22 11:07:00,26.05
2021-03-22 11:08:00,26.05
2021-03-22 11:09:00,26.05
2021-03-22 11:10:00,26.1
2021-03-22 11:11:00,26.1
2021-03-22 11:12:00,26.05
2021-03-22 11:13:00,26.1
2021-03-22 11:14:00,26.05
2021-03-22 11:15:00,26.1
2021-03-22 11:16:00,26.05
2021-03-22 11:17:00,26.0
2021-03-22 11:18:00,25.95
2021-03-22 11:19:00,26.0
2021-03-22 11:20:00,26.0
2021-03-22 11:21:00,26.0
2021-03-22 11:22:00,26.0
2021-03-22 11:23:00,26.1
2021-03-22 11:24:00,26.05
2021-03-22 11:25:00,26.1
2021-03-22 11:26:00,26.05
2021-03-22 11:27:00,26.1
2021-03-22 11:28:00,26.1
2021-03-22 11:29:00,26.1
2021-03-22 11:30:00,26.1
2021-03-22 11:31:00,26.05
2021-03-22 11:32:00,26.05
2021-03-22 11:33:00,26.1
2021-03-22 11:34:00,26.1
2021-03-22 11:35:00,26.1
2021-03-22 11:36:00,26.15
2021-03-22 11:37:00,26.15
2021-03-22 11:38:00,26.15
2021-03-22 11:39:00,26.15
2021-03-22 11:40:00,26.1
2021-03-22 11:41:00,26.1
2021-03-22 11:42:00,26.15
2021-03-22 11:43:00,26.1
2021-03-22 11:44:00,26.15
2021-03-22 11:45:00,26.2
2021-03-22 11:46:00,26.15
2021-03-22 11:47:00,26.15
2021-03-22 11:48:00,26.2
2021-03-22 11:49:00,26.15
2021-03-22 11:50:00,26.15
2021-03-22 11:51:00,26.15
2021-03-22 11:52:00,26.15
2021-03-22 11:53:00,26.1
2021-03-22 11:54:00,26.15
2021-03-22 11:55:00,26.1
2021-03-22 11:56:00,26.1
2021-03-22 11:57:00,26.1
2021-03-22 11:58:00,26.15
2021-03-22 11:59:00,26.1
2021-03-22 12:00:00,26.1
2021-03-22 13:01:00,26.15
2021-03-22 13:02:00,26.15
2021-03-22 13:03:00,26.15
2021-03-22 13:04:00,26.1
2021-03-22 13:05:00,26.1
2021-03-22 13:06:00,26.15
2021-03-22 13:07:00,26.1
2021-03-22 13:08:00,26.1
2021-03-22 13:09:00,26.1
2021-03-22 13:10:00,26.15
2021-03-22 13:11:00,26.2
2021-03-22 13:12:00,26.2
2021-03-22 13:13:00,26.2
2021-03-22 13:14:00,26.2
2021-03-22 13:15:00,26.15
2021-03-22 13:16:00,26.25
2021-03-22 13:17:00,26.2
2021-03-22 13:18:00,26.25
2021-03-22 13:19:00,26.25
2021-03-22 13:20:00,26.25
2021-03-22 13:21:00,26.25
2021-03-22 13:22:00,26.25
2021-03-22 13:23:00,26.25
2021-03-22 13:24:00,26.2
2021-03-22 13:25:00,26.2
2021-03-22 13:26:00,26.2
2021-03-22 13:27:00,26.15
2021-03-22 13:28:00,26.15
2021-03-22 13:29:00,26.2
2021-03-22 13:30:00,26.2
2021-03-22 13:31:00,26.15
2021-03-22 13:32:00,26.2
2021-03-22 13:33:00,26.25
2021-03-22 13:34:00,26.2
2021-03-22 13:35:00,26.2
2021-03-22 13:36:00,26.25
2021-03-22 13:37:00,26.25
2021-03-22 13:38:00,26.3
2021-03-22 13:39:00,26.35
2021-03-22 13:40:00,26.3
2021-03-22 13:41:00,26.35
2021-03-22 13:42:00,26.35
2021-03-22 13:43:00,26.35
2021-03-22 13:44:00,26.3
2021-03-22 13:45:00,26.3
2021-03-22 13:46:00,26.3
2021-03-22 13:47:00,26.3
2021-03-22 13:48:00,26.25
2021-03-22 13:49:00,26.25
2021-03-22 13:50:00,26.3
2021-03-22 13:51:00,26.3
2021-03-22 13:52:00,26.25
2021-03-22 13:53:00,26.25
2021-03-22 13:54:00,26.25
2021-03-22 13:55:00,26.25
2021-03-22 13:56:00,26.25
2021-03-22 13:57:00,26.25
2021-03-22 13:58:00,26.25
2021-03-22 13:59:00,26.2
2021-03-22 14:00:00,26.25
2021-03-22 14:01:00,26.25
2021-03-22 14:02:00,26.2
2021-03-22 14:03:00,26.25
2021-03-22 14:04:00,26.25
2021-03-22 14:05:00,26.25
2021-03-22 14:06:00,26.2
2021-03-22 14:07:00,26.2
2021-03-22 14:08:00,26.15
2021-03-22 14:09:00,26.15
2021-03-22 14:10:00,26.15
2021-03-22 14:11:00,26.1
2021-03-22 14:12:00,26.15
2021-03-22 14:13:00,26.2
2021-03-22 14:14:00,26.15
2021-03-22 14:15:00,26.15
2021-03-22 14:16:00,26.15
2021-03-22 14:17:00,26.15
2021-03-22 14:18:00,26.1
2021-03-22 14:19:00,26.15
2021-03-22 14:20:00,26.15
2021-03-22 14:21:00,26.1
2021-03-22 14:22:00,26.15
2021-03-22 14:23:00,26.15
2021-03-22 14:24:00,26.1
2021-03-22 14:25:00,26.1
2021-03-22 14:26:00,26.15
2021-03-22 14:27:00,26.1
2021-03-22 14:28:00,26.1
2021-03-22 14:29:00,26.15
2021-03-22 14:30:00,26.15
2021-03-22 14:31:00,26.1
2021-03-22 14:32:00,26.1
2021-03-22 14:33:00,26.15
2021-03-22 14:34:00,26.05
2021-03-22 14:35:00,26.05
2021-03-22 14:36:00,26.05
2021-03-22 14:37:00,26.1
2021-03-22 14:38:00,26.1
2021-03-22 14:39:00,26.1
2021-03-22 14:40:00,26.1
2021-03-22 14:41:00,26.05
2021-03-22 14:42:00,26.1
2021-03-22 14:43:00,26.1
2021-03-22 14:44:00,26.15
2021-03-22 14:45:00,26.1
2021-03-22 14:46:00,26.1
2021-03-22 14:47:00,26.1
2021-03-22 14:48:00,26.05
2021-03-22 14:49:00,26.1
2021-03-22 14:50:00,26.05
2021-03-22 14:51:00,26.1
2021-03-22 14:52:00,26.1
2021-03-22 14:53:00,26.1
2021-03-22 14:54:00,26.1
2021-03-22 14:55:00,26.1
2021-03-22 14:56:00,26.1
2021-03-22 14:57:00,26.1
2021-03-22 14:58:00,26.1
2021-03-22 14:59:00,26.1
2021-03-22 15:00:00,26.1
2021-03-22 15:01:00,26.05
2021-03-22 15:02:00,26.05
2021-03-22 15:03:00,26.1
2021-03-22 15:04:00,26.1
2021-03-22 15:05:00,26.1
2021-03-22 15:06:00,26.05
2021-03-22 15:07:00,26.1
2021-03-22 15:08:00,26.1
2021-03-22 15:09:00,26.1
2021-03-22 15:10:00,26.1
2021-03-22 15:11:00,26.1
2021-03-22 15:12:00,26.05
2021-03-22 15:13:00,26.05
2021-03-22 15:14:00,26.1
2021-03-22 15:15:00,26.05
2021-03-22 15:16:00,26.1
2021-03-22 15:17:00,26.1
2021-03-22 15:18:00,26.05
2021-03-22 15:19:00,26.05
2021-03-22 15:20:00,26.05
2021-03-22 15:21:00,26.05
2021-03-22 15:22:00,26.05
2021-03-22 15:23:00,26.1
2021-03-22 15:24:00,26.05
2021-03-22 15:25:00,26.05
2021-03-22 15:26:00,26.1
2021-03-22 15:27:00,26.05
2021-03-22 15:28:00,26.05
2021-03-22 15:29:00,26.05
2021-03-22 15:30:00,26.1
2021-03-22 15:31:00,26.1
2021-03-22 15:32:00,26.1
2021-03-22 15:33:00,26.05
2021-03-22 15:34:00,26.05
2021-03-22 15:35:00,26.15
2021-03-22 15:36:00,26.1
2021-03-22 15:37:00,26.1
2021-03-22 15:38:00,26.1
2021-03-22 15:39:00,26.1
2021-03-22 15:40:00,26.1
2021-03-22 15:41:00,26.1
2021-03-22 15:42:00,26.05
2021-03-22 15:43:00,26.1
2021-03-22 15:44:00,26.1
2021-03-22 15:45:00,26.1
2021-03-22 15:46:00,26.1
2021-03-22 15:47:00,26.05
2021-03-22 15:48:00,26.1
2021-03-22 15:49:00,26.1
2021-03-22 15:50:00,26.1
2021-03-22 15:51:00,26.1
2021-03-22 15:52:00,26.1
2021-03-22 15:53:00,26.05
2021-03-22 15:54:00,26.05
2021-03-22 15:55:00,26.05
2021-03-22 15:56:00,26.1
2021-03-22 15:57:00,26.05
2021-03-22 15:58:00,26.1
2021-03-22 15:59:00,26.05
2021-03-22 16:00:00,26.0
2021-03-23 09:30:00,26.25
2021-03-23 09:31:00,26.35
2021-03-23 09:32:00,26.25
2021-03-23 09:33:00,26.25
2021-03-23 09:34:00,26.2
2021-03-23 09:35:00,26.25
2021-03-23 09:36:00,26.15
2021-03-23 09:37:00,26.2
2021-03-23 09:38:00,26.25
2021-03-23 09:39:00,26.25
2021-03-23 09:40:00,26.3
2021-03-23 09:41:00,26.35
2021-03-23 09:42:00,26.4
2021-03-23 09:43:00,26.45
2021-03-23 09:44:00,26.4
2021-03-23 09:45:00,26.45
2021-03-23 09:46:00,26.45
2021-03-23 09:47:00,26.45
2021-03-23 09:48:00,26.4
2021-03-23 09:49:00,26.35
2021-03-23 09:50:00,26.4
2021-03-23 09:51:00,26.45
2021-03-23 09:52:00,26.35
2021-03-23 09:53:00,26.4
2021-03-23 09:54:00,26.4
2021-03-23 09:55:00,26.5
2021-03-23 09:56:00,26.4
2021-03-23 09:57:00,26.4
2021-03-23 09:58:00,26.4
2021-03-23 09:59:00,26.4
2021-03-23 10:00:00,26.45
2021-03-23 10:01:00,26.4
2021-03-23 10:02:00,26.35
2021-03-23 10:03:00,26.35
2021-03-23 10:04:00,26.25
2021-03-23 10:05:00,26.3
2021-03-23 10:06:00,26.25
2021-03-23 10:07:00,26.3
2021-03-23 10:08:00,26.25
2021-03-23 10:09:00,26.25
2021-03-23 10:10:00,26.2
2021-03-23 10:11:00,26.25
2021-03-23 10:12:00,26.25
2021-03-23 10:13:00,26.2
2021-03-23 10:14:00,26.25
2021-03-23 10:15:00,26.2
2021-03-23 10:16:00,26.2
2021-03-23 10:17:00,26.15
2021-03-23 10:18:00,26.15
2021-03-23 10:19:00,26.05
2021-03-23 10:20:00,26.0
2021-03-23 10:21:00,26.1
2021-03-23 10:22:00,26.05
2021-03-23 10:23:00,26.05
2021-03-23 10:24:00,26.05
2021-03-23 10:25:00,26.0
2021-03-23 10:26:00,26.05
2021-03-23 10:27:00,26.05
2021-03-23 10:28:00,25.95
2021-03-23 10:29:00,26.0
2021-03-23 10:30:00,26.05
2021-03-23 10:31:00,26.0
2021-03-23 10:32:00,26.05
2021-03-23 10:33:00,26.05
2021-03-23 10:34:00,26.05
2021-03-23 10:35:00,26.0
2021-03-23 10:36:00,26.05
2021-03-23 10:37:00,26.0
2021-03-23 10:38:00,26.05
2021-03-23 10:39:00,26.0
2021-03-23 10:40:00,26.0
2021-03-23 10:41:00,26.0
2021-03-23 10:42:00,25.95
2021-03-23 10:43:00,26.0
2021-03-23 10:44:00,25.95
2021-03-23 10:45:00,25.95
2021-03-23 10:46:00,26.0
2021-03-23 10:47:00,26.0
2021-03-23 10:48:00,25.95
2021-03-23 10:49:00,25.95
2021-03-23 10:50:00,26.0
2021-03-23 10:51:00,26.0
2021-03-23 10:52:00,26.05
2021-03-23 10:53:00,26.0
2021-03-23 10:54:00,25.95
2021-03-23 10:55:00,25.95
2021-03-23 10:56:00,25.95
2021-03-23 10:57:00,25.9
2021-03-23 10:58:00,25.95
2021-03-23 10:59:00,25.9
2021-03-23 11:00:00,25.95
2021-03-23 11:01:00,25.95
2021-03-23 11:02:00,25.9
2021-03-23 11:03:00,25.85
2021-03-23 11:04:00,25.75
2021-03-23 11:05:00,25.75
2021-03-23 11:06:00,25.7
2021-03-23 11:07:00,25.65
2021-03-23 11:08:00,25.6
2021-03-23 11:09:00,25.65
2021-03-23 11:10:00,25.65
2021-03-23 11:11:00,25.7
2021-03-23 11:12:00,25.75
2021-03-23 11:13:00,25.7
2021-03-23 11:14:00,25.75
2021-03-23 11:15:00,25.65
2021-03-23 11:16:00,25.6
2021-03-23 11:17:00,25.6
2021-03-23 11:18:00,25.6
2021-03-23 11:19:00,25.6
2021-03-23 11:20:00,25.65
2021-03-23 11:21:00,25.6
2021-03-23 11:22:00,25.65
2021-03-23 11:23:00,25.55
2021-03-23 11:24:00,25.5
2021-03-23 11:25:00,25.5
2021-03-23 11:26:00,25.55
2021-03-23 11:27:00,25.6
2021-03-23 11:28:00,25.7
2021-03-23 11:29:00,25.55
2021-03-23 11:30:00,25.6
2021-03-23 11:31:00,25.5
2021-03-23 11:32:00,25.55
2021-03-23 11:33:00,25.5
2021-03-23 11:34:00,25.55
2021-03-23 11:35:00,25.55
2021-03-23 11:36:00,25.5
2021-03-23 11:37:00,25.5
2021-03-23 11:38:00,25.4
2021-03-23 11:39:00,25.45
2021-03-23 11:40:00,25.4
2021-03-23 11:41:00,25.35
2021-03-23 11:42:00,25.4
2021-03-23 11:43:00,25.35
2021-03-23 11:44:00,25.4
2021-03-23 11:45:00,25.35
2021-03-23 11:46:00,25.3
2021-03-23 11:47:00,25.25
2021-03-23 11:48:00,25.25
2021-03-23 11:49:00,25.3
2021-03-23 11:50:00,25.4
2021-03-23 11:51:00,25.4
2021-03-23 11:52:00,25.45
2021-03-23 11:53:00,25.5
2021-03-23 11:54:00,25.5
2021-03-23 11:55:00,25.5
2021-03-23 11:56:00,25.5
2021-03-23 11:57:00,25.5
2021-03-23 11:58:00,25.5
2021-03-23 11:59:00,25.5
2021-03-23 12:00:00,25.45
2021-03-23 13:01:00,25.35
2021-03-23 13:02:00,25.3
2021-03-23 13:03:00,25.3
2021-03-23 13:04:00,25.25
2021-03-23 13:05:00,25.25
2021-03-23 13:06:00,25.25
2021-03-23 13:07:00,25.3
2021-03-23 13:08:00,25.35
2021-03-23 13:09:00,25.3
2021-03-23 13:10:00,25.35
2021-03-23 13:11:00,25.4
2021-03-23 13:12:00,25.4
2021-03-23 13:13:00,25.45
2021-03-23 13:14:00,25.4
2021-03-23 13:15:00,25.4
2021-03-23 13:16:00,25.4
2021-03-23 13:17:00,25.45
2021-03-23 13:18:00,25.45
2021-03-23 13:19:00,25.45
2021-03-23 13:20:00,25.5
2021-03-23 13:21:00,25.5
2021-03-23 13:22:00,25.5
2021-03-23 13:23:00,25.55
2021-03-23 13:24:00,25.55
2021-03-23 13:25:00,25.55
2021-03-23 13:26:00,25.45
2021-03-23 13:27:00,25.45
2021-03-23 13:28:00,25.4
2021-03-23 13:29:00,25.45
2021-03-23 13:30:00,25.35
2021-03-23 13:31:00,25.4
2021-03-23 13:32:00,25.3
2021-03-23 13:33:00,25.35
2021-03-23 13:34:00,25.3
2021-03-23 13:35:00,25.3
2021-03-23 13:36:00,25.35
2021-03-23 13:37:00,25.35
2021-03-23 13:38:00,25.4
2021-03-23 13:39:00,25.35
2021-03-23 13:40:00,25.35
2021-03-23 13:41:00,25.3
2021-03-23 13:42:00,25.3
2021-03-23 13:43:00,25.3
2021-03-23 13:44:00,25.25
2021-03-23 13:45:00,25.25
2021-03-23 13:46:00,25.3
2021-03-23 13:47:00,25.3
2021-03-23 13:48:00,25.35
2021-03-23 13:49:00,25.3
2021-03-23 13:50:00,25.3
2021-03-23 13:51:00,25.25
2021-03-23 13:52:00,25.3
2021-03-23 13:53:00,25.3
2021-03-23 13:54:00,25.3
2021-03-23 13:55:00,25.35
2021-03-23 13:56:00,25.35
2021-03-23 13:57:00,25.35
2021-03-23 13:58:00,25.35
2021-03-23 13:59:00,25.35
2021-03-23 14:00:00,25.35
2021-03-23 14:01:00,25.35
2021-03-23 14:02:00,25.35
2021-03-23 14:03:00,25.3
2021-03-23 14:04:00,25.35
2021-03-23 14:05:00,25.3
2021-03-23 14:06:00,25.35
2021-03-23 14:07:00,25.35
2021-03-23 14:08:00,25.3
2021-03-23 14:09:00,25.3
2021-03-23 14:10:00,25.3
2021-03-23 14:11:00,25.3
2021-03-23 14:12:00,25.35
2021-03-23 14:13:00,25.25
2021-03-23 14:14:00,25.3
2021-03-23 14:15:00,25.3
2021-03-23 14:16:00,25.2
2021-03-23 14:17:00,25.2
2021-03-23 14:18:00,25.25
2021-03-23 14:19:00,25.25
2021-03-23 14:20:00,25.15
2021-03-23 14:21:00,25.15
2021-03-23 14:22:00,25.2
2021-03-23 14:23:00,25.2
2021-03-23 14:24:00,25.25
2021-03-23 14:25:00,25.25
2021-03-23 14:26:00,25.15
2021-03-23 14:27:00,25.1
2021-03-23 14:28:00,25.2
2021-03-23 14:29:00,25.25
2021-03-23 14:30:00,25.25
2021-03-23 14:31:00,25.3
2021-03-23 14:32:00,25.3
2021-03-23 14:33:00,25.25
2021-03-23 14:34:00,25.25
2021-03-23 14:35:00,25.2
2021-03-23 14:36:00,25.15
2021-03-23 14:37:00,25.15
2021-03-23 14:38:00,25.15
2021-03-23 14:39:00,25.1
2021-03-23 14:40:00,25.15
2021-03-23 14:41:00,25.15
2021-03-23 14:42:00,25.15
2021-03-23 14:43:00,25.15
2021-03-23 14:44:00,25.2
2021-03-23 14:45:00,25.15
2021-03-23 14:46:00,25.15
2021-03-23 14:47:00,25.15
2021-03-23 14:48:00,25.15
2021-03-23 14:49:00,25.2
2021-03-23 14:50:00,25.2
2021-03-23 14:51:00,25.2
2021-03-23 14:52:00,25.2
2021-03-23 14:53:00,25.25
2021-03-23 14:54:00,25.25
2021-03-23 14:55:00,25.2
2021-03-23 14:56:00,25.25
2021-03-23 14:57:00,25.25
2021-03-23 14:58:00,25.3
2021-03-23 14:59:00,25.3
2021-03-23 15:00:00,25.3
2021-03-23 15:01:00,25.3
2021-03-23 15:02:00,25.2
2021-03-23 15:03:00,25.2
2021-03-23 15:04:00,25.25
2021-03-23 15:05:00,25.25
2021-03-23 15:06:00,25.25
2021-03-23 15:07:00,25.2
2021-03-23 15:08:00,25.25
2021-03-23 15:09:00,25.25
2021-03-23 15:10:00,25.25
2021-03-23 15:11:00,25.25
2021-03-23 15:12:00,25.25
2021-03-23 15:13:00,25.25
2021-03-23 15:14:00,25.25
2021-03-23 15:15:00,25.25
2021-03-23 15:16:00,25.25
2021-03-23 15:17:00,25.25
2021-03-23 15:18:00,25.25
2021-03-23 15:19:00,25.25
2021-03-23 15:20:00,25.25
2021-03-23 15:21:00,25.2
2021-03-23 15:22:00,25.2
2021-03-23 15:23:00,25.1
2021-03-23 15:24:00,25.15
2021-03-23 15:25:00,25.15
2021-03-23 15:26:00,25.15
2021-03-23 15:27:00,25.1
2021-03-23 15:28:00,25.0
2021-03-23 15:29:00,25.05
2021-03-23 15:30:00,25.05
2021-03-23 15:31:00,25.05
2021-03-23 15:32:00,25.1
2021-03-23 15:33:00,25.05
2021-03-23 15:34:00,25.1
2021-03-23 15:35:00,25.05
2021-03-23 15:36:00,25.1
2021-03-23 15:37:00,25.05
2021-03-23 15:38:00,25.05
2021-03-23 15:39:00,25.05
2021-03-23 15:40:00,25.05
2021-03-23 15:41:00,25.05
2021-03-23 15:42:00,25.05
2021-03-23 15:43:00,25.1
2021-03-23 15:44:00,25.05
2021-03-23 15:45:00,25.1
2021-03-23 15:46:00,25.1
2021-03-23 15:47:00,25.1
2021-03-23 15:48:00,25.05
2021-03-23 15:49:00,25.1
2021-03-23 15:50:00,25.1
2021-03-23 15:51:00,25.05
2021-03-23 15:52:00,25.1
2021-03-23 15:53:00,25.1
2021-03-23 15:54:00,25.1
2021-03-23 15:55:00,25.15
2021-03-23 15:56:00,25.05
2021-03-23 15:57:00,25.1
2021-03-23 15:58:00,25.15
2021-03-23 15:59:00,25.2
2021-03-23 16:00:00,25.35
